matrix_id,root_invariant,title,summary,source_issue_ids,release_target,status,severity,domain,secondary_domains,data_loss_risk,security_risk,determinism_risk,recovery_risk,affected_commands,affected_files,expected_invariant,planned_fix,required_regression_tests,required_ci_gates,acceptance_criteria,closure_proof,decision_rationale,notes
CK-110-M001,Dynamic SQL scanner findings must be reviewed for parameterization or safe identifier constraints,Review dynamic SQL scanner findings,Groups 37 raw finding(s) from codacy under one remediation invariant.,CK-110-0133;CK-110-0160;CK-110-0304;CK-110-0305;CK-110-0308;CK-110-0310;CK-110-0380;CK-110-0383;CK-110-0431;CK-110-0458;CK-110-0461;CK-110-0481;CK-110-0559;CK-110-0609;CK-110-0654;CK-110-0667;CK-110-0747;CK-110-0803;CK-110-0813;CK-110-0830;CK-110-0834;CK-110-0890;CK-110-0948;CK-110-0986;CK-110-0997;CK-110-1098;CK-110-1121;CK-110-1129;CK-110-1187;CK-110-1194;CK-110-1196;CK-110-1199;CK-110-1205;CK-110-1217;CK-110-1268;CK-110-1349;CK-110-1356,backlog,triaged,S1,migration,,none,medium,none,none,,db/schema_postgres.sql;internal/db/migrations.go;db/schema_sqlite.sql;internal/db/db.go,Dynamic SQL scanner findings must be reviewed for parameterization or safe identifier constraints,Track as non-blocking cleanup or policy decision.,required: regression/adversarial/integration coverage before closure,none,"All source findings are fixed, accepted, deferred, suppressed, or duplicated with closure proof.",,,source_count=37; sources=codacy
CK-110-M002,Dynamic SQL scanner findings must be reviewed for parameterization or safe identifier constraints,Review dynamic SQL scanner findings,Groups 5 raw finding(s) from codacy under one remediation invariant.,CK-110-0069;CK-110-0497;CK-110-1020;CK-110-1042;CK-110-1408,backlog,triaged,S1,snapshot,,none,medium,none,none,,internal/snapshot/path_resolver.go;internal/snapshot/snapshot.go,Dynamic SQL scanner findings must be reviewed for parameterization or safe identifier constraints,Track as non-blocking cleanup or policy decision.,required: regression/adversarial/integration coverage before closure,none,"All source findings are fixed, accepted, deferred, suppressed, or duplicated with closure proof.",,,source_count=5; sources=codacy
CK-110-M003,Filesystem permission scanner findings must be reviewed by runtime area and threat model,Filesystem permission scanner findings must be reviewed by runtime area and threat model,Groups 2 raw finding(s) from codacy under one remediation invariant.,CK-110-0215;CK-110-1069,backlog,triaged,S1,snapshot,,none,medium,none,none,0600,internal/snapshot/snapshot.go,Filesystem permission scanner findings must be reviewed by runtime area and threat model,Track as non-blocking cleanup or policy decision.,required: regression/adversarial/integration coverage before closure,none,"All source findings are fixed, accepted, deferred, suppressed, or duplicated with closure proof.",,,source_count=2; sources=codacy
CK-110-M004,Dynamic SQL scanner findings must be reviewed for parameterization or safe identifier constraints,Review dynamic SQL scanner findings,Groups 11 raw finding(s) from codacy under one remediation invariant.,CK-110-0118;CK-110-0184;CK-110-0282;CK-110-0455;CK-110-0484;CK-110-0510;CK-110-0749;CK-110-0840;CK-110-0976;CK-110-1218;CK-110-1435,backlog,triaged,S1,storage,,medium,medium,medium,none,,internal/storage/store.go;internal/storage/repository_config.go;internal/container/container.go;internal/container/simulated_writer.go,Dynamic SQL scanner findings must be reviewed for parameterization or safe identifier constraints,Track as non-blocking cleanup or policy decision.,required: regression/adversarial/integration coverage before closure,none,"All source findings are fixed, accepted, deferred, suppressed, or duplicated with closure proof.",,,source_count=11; sources=codacy
CK-110-M005,Dynamic filesystem path findings must be reviewed for root containment and trust boundaries,Review dynamic filesystem path scanner findings,Groups 3 raw finding(s) from codacy under one remediation invariant.,CK-110-0744;CK-110-1371;CK-110-1433,backlog,triaged,S1,storage,,medium,medium,medium,none,,internal/container/container.go,Dynamic filesystem path findings must be reviewed for root containment and trust boundaries,Track as non-blocking cleanup or policy decision.,required: regression/adversarial/integration coverage before closure,none,"All source findings are fixed, accepted, deferred, suppressed, or duplicated with closure proof.",,,source_count=3; sources=codacy
CK-110-M006,Filesystem permission scanner findings must be reviewed by runtime area and threat model,Filesystem permission scanner findings must be reviewed by runtime area and threat model,Groups 12 raw finding(s) from codacy under one remediation invariant.,CK-110-0142;CK-110-0182;CK-110-0241;CK-110-0366;CK-110-0370;CK-110-0632;CK-110-0729;CK-110-0938;CK-110-0975;CK-110-1101;CK-110-1292;CK-110-1330,backlog,triaged,S1,storage,,medium,medium,medium,none,0600,internal/container/container.go;internal/container/local_writer.go,Filesystem permission scanner findings must be reviewed by runtime area and threat model,Track as non-blocking cleanup or policy decision.,required: regression/adversarial/integration coverage before closure,none,"All source findings are fixed, accepted, deferred, suppressed, or duplicated with closure proof.",,,source_count=12; sources=codacy
CK-110-M007,Randomness scanner findings must distinguish deterministic tests/benchmarks from cryptographic use,Randomness scanner findings must distinguish deterministic tests/benchmarks from cryptographic u,Groups 1 raw finding(s) from codacy under one remediation invariant.,CK-110-0910,backlog,triaged,S1,storage,,medium,medium,medium,none,math/rand;crypto/rand,internal/container/local_writer.go,Randomness scanner findings must distinguish deterministic tests/benchmarks from cryptographic use,Track as non-blocking cleanup or policy decision.,required: regression/adversarial/integration coverage before closure,none,"All source findings are fixed, accepted, deferred, suppressed, or duplicated with closure proof.",,,source_count=1; sources=codacy
CK-110-M008,JSON mode must be consistently accepted and emit machine-consumable output,Stabilize JSON shorthand and machine output contract,Groups 14 raw finding(s) from external-audit under one remediation invariant.,CK-110-1476;CK-110-1477;CK-110-1478;CK-110-1479;CK-110-1480;CK-110-1481;CK-110-1520;CK-110-1554;CK-110-1558;CK-110-1559;CK-110-1566;CK-110-1860;CK-110-1861;CK-110-1885,v1.10.1,triaged,S1,json,,none,none,high,none,list --json;search --json;remove --json;gc --json;repair --json;config get --json;scripts/summarize_phase8_blocksize.py --json-output;snapshot stats --json;--json;config --json;--output json;init --json;validate_regression_thresholds.py --json-report;simulate store --json;simulate;simulate store-folder --json,,JSON mode must be consistently accepted and emit machine-consumable output,Centralize CLI/JSON contract validation and add command-level regression tests.,required: regression/adversarial/integration coverage before closure,required: CI or release-gate check candidate,Affected CLI/JSON cases fail safely or emit valid machine-consumable output; no state mutation on invalid input.,,,source_count=14; sources=external-audit
CK-110-M009,Supported Go toolchain must not carry known unplanned CVEs,Resolve Go toolchain vulnerability baseline,Groups 46 raw finding(s) from codacy under one remediation invariant.,CK-110-0012;CK-110-0058;CK-110-0097;CK-110-0103;CK-110-0112;CK-110-0121;CK-110-0147;CK-110-0154;CK-110-0181;CK-110-0250;CK-110-0268;CK-110-0270;CK-110-0285;CK-110-0309;CK-110-0311;CK-110-0336;CK-110-0345;CK-110-0365;CK-110-0385;CK-110-0472;CK-110-0487;CK-110-0494;CK-110-0516;CK-110-0656;CK-110-0701;CK-110-0725;CK-110-0734;CK-110-0906;CK-110-0941;CK-110-1001;CK-110-1014;CK-110-1028;CK-110-1039;CK-110-1040;CK-110-1055;CK-110-1065;CK-110-1116;CK-110-1169;CK-110-1236;CK-110-1237;CK-110-1284;CK-110-1311;CK-110-1329;CK-110-1338;CK-110-1352;CK-110-1412,v1.10.2,triaged,S1,dependencies,,none,medium,none,none,,go.mod,Supported Go toolchain must not carry known unplanned CVEs,Centralize validation/security hardening and add invalid-input regression tests.,required: regression/adversarial/integration coverage before closure,required: CI or release-gate check candidate,Invalid validation/security cases are rejected before unsafe/stateful work where practical.,,,source_count=46; sources=codacy
CK-110-M010,Dynamic filesystem path findings must be reviewed for root containment and trust boundaries,Review dynamic filesystem path scanner findings,Groups 1 raw finding(s) from codacy under one remediation invariant.,CK-110-0752,v1.10.2,triaged,S1,filesystem,,none,medium,none,none,,internal/iodebug/counters.go,Dynamic filesystem path findings must be reviewed for root containment and trust boundaries,Centralize validation/security hardening and add invalid-input regression tests.,required: regression/adversarial/integration coverage before closure,none,Invalid validation/security cases are rejected before unsafe/stateful work where practical.,,,source_count=1; sources=codacy
CK-110-M011,Filesystem permission scanner findings must be reviewed by runtime area and threat model,Filesystem permission scanner findings must be reviewed by runtime area and threat model,Groups 2 raw finding(s) from codacy under one remediation invariant.,CK-110-0204;CK-110-1136,v1.10.2,triaged,S1,filesystem,,none,medium,none,none,0600,internal/iodebug/counters.go,Filesystem permission scanner findings must be reviewed by runtime area and threat model,Centralize validation/security hardening and add invalid-input regression tests.,required: regression/adversarial/integration coverage before closure,none,Invalid validation/security cases are rejected before unsafe/stateful work where practical.,,,source_count=2; sources=codacy
CK-110-M012,Dynamic SQL scanner findings must be reviewed for parameterization or safe identifier constraints,Review dynamic SQL scanner findings,Groups 8 raw finding(s) from codacy under one remediation invariant.,CK-110-0013;CK-110-0014;CK-110-0040;CK-110-0185;CK-110-0666;CK-110-0987;CK-110-1052;CK-110-1243,v1.10.2,triaged,S1,security,,none,medium,none,none,,internal/observability/stats.go;internal/repository/capabilities/derive.go;internal/listing/search.go;internal/observability/inspect.go,Dynamic SQL scanner findings must be reviewed for parameterization or safe identifier constraints,Centralize validation/security hardening and add invalid-input regression tests.,required: regression/adversarial/integration coverage before closure,none,Invalid validation/security cases are rejected before unsafe/stateful work where practical.,,,source_count=8; sources=codacy
CK-110-M013,Explicit empty or whitespace-only filters must be rejected before query execution,Reject empty or whitespace-only filters,Groups 34 raw finding(s) from external-audit under one remediation invariant.,CK-110-1452;CK-110-1453;CK-110-1454;CK-110-1462;CK-110-1463;CK-110-1468;CK-110-1482;CK-110-1492;CK-110-1507;CK-110-1511;CK-110-1519;CK-110-1521;CK-110-1525;CK-110-1567;CK-110-1600;CK-110-1636;CK-110-1674;CK-110-1676;CK-110-1678;CK-110-1710;CK-110-1735;CK-110-1740;CK-110-1760;CK-110-1781;CK-110-1784;CK-110-1792;CK-110-1800;CK-110-1803;CK-110-1904;CK-110-1918;CK-110-1941;CK-110-1955;CK-110-1964;CK-110-1975,v1.10.2,triaged,S1,validation,,medium,none,medium,none,"search --path """";snapshot list --path """";remove --path """";search --name "" "";inspect file --limit 0;search --extension """";list --limit 0;repair ref-counts --batch --input """";snapshot create --id """";simulate gc --delete-snapshot """";snapshot list --limit 0;search --name """";runSnapshotCreateCommand;--id;snapshot create missing_dir/;.env.example;--codec=;--output=;snapshot show --limit 0;snapshot diff snap snap;store-folder;snapshot_file;graph.GetReachableChunks();json.Marshal",,Explicit empty or whitespace-only filters must be rejected before query execution,Centralize validation/security hardening and add invalid-input regression tests.,required: regression/adversarial/integration coverage before closure,none,Invalid validation/security cases are rejected before unsafe/stateful work where practical.,,,source_count=34; sources=external-audit
CK-110-M014,Dynamic SQL scanner findings must be reviewed for parameterization or safe identifier constraints,Review dynamic SQL scanner findings,Groups 2 raw finding(s) from codacy under one remediation invariant.,CK-110-0710;CK-110-1068,v1.10.4,triaged,S1,gc,,medium,medium,medium,none,,internal/maintenance/gc.go,Dynamic SQL scanner findings must be reviewed for parameterization or safe identifier constraints,Align GC/refcount reachability and add dry-run/live-plan regression tests.,required: regression/adversarial/integration coverage before closure,none,"All source findings are fixed, accepted, deferred, suppressed, or duplicated with closure proof.",,,source_count=2; sources=codacy
CK-110-M015,Dynamic filesystem path findings must be reviewed for root containment and trust boundaries,Review dynamic filesystem path scanner findings,Groups 1 raw finding(s) from codacy under one remediation invariant.,CK-110-0939,v1.10.5,triaged,S1,restore,,medium,medium,medium,none,,internal/storage/restore.go,Dynamic filesystem path findings must be reviewed for root containment and trust boundaries,Harden restore/recovery validation and add unsafe-mode regression tests.,required: regression/adversarial/integration coverage before closure,none,Restore/recovery mode-specific inputs are rejected safely and do not fall through to unintended behavior.,,,source_count=1; sources=codacy
CK-110-M016,Filesystem permission scanner findings must be reviewed by runtime area and threat model,Filesystem permission scanner findings must be reviewed by runtime area and threat model,Groups 4 raw finding(s) from codacy under one remediation invariant.,CK-110-0334;CK-110-1047;CK-110-1220;CK-110-1360,v1.10.5,triaged,S1,restore,,medium,medium,medium,none,0600,internal/storage/restore.go,Filesystem permission scanner findings must be reviewed by runtime area and threat model,Harden restore/recovery validation and add unsafe-mode regression tests.,required: regression/adversarial/integration coverage before closure,none,Restore/recovery mode-specific inputs are rejected safely and do not fall through to unintended behavior.,,,source_count=4; sources=codacy
CK-110-M017,Restore mode value flags must reject empty values before fallback behavior,Restore mode value flags must reject empty values before fallback behavior,Groups 10 raw finding(s) from external-audit under one remediation invariant.,CK-110-1502;CK-110-1503;CK-110-1629;CK-110-1675;CK-110-1681;CK-110-1682;CK-110-1701;CK-110-1749;CK-110-1836;CK-110-1988,v1.10.5,triaged,S1,restore,,medium,none,medium,medium,"remove --stored-path """" 123;restore --stored-path """" ...;NormalizeSnapshotPath();--mode=;original;restore --input """";remove --input """";snapshot restore snap missing_dir/;remove --stored-paths --input """";inspect block",,Restore mode value flags must reject empty values before fallback behavior,Harden restore/recovery validation and add unsafe-mode regression tests.,required: regression/adversarial/integration coverage before closure,none,Restore/recovery mode-specific inputs are rejected safely and do not fall through to unintended behavior.,,,source_count=10; sources=external-audit
CK-110-M018,Command execution findings must be reviewed for trusted executable and argument boundaries,Command execution findings must be reviewed for trusted executable and argument boundaries,Groups 2 raw finding(s) from codacy under one remediation invariant.,CK-110-0046;CK-110-1442,v1.10.6,triaged,S1,benchmark,,none,medium,none,none,,internal/benchmark/scenarios.go,Command execution findings must be reviewed for trusted executable and argument boundaries,Harden CI/tooling/benchmark validation and add script or release-gate checks.,required: regression/adversarial/integration coverage before closure,candidate,"Benchmark/script/CI inputs reject malformed, duplicate, mismatched, or non-finite data.",,,source_count=2; sources=codacy
CK-110-M019,Dynamic filesystem path findings must be reviewed for root containment and trust boundaries,Review dynamic filesystem path scanner findings,Groups 4 raw finding(s) from codacy under one remediation invariant.,CK-110-0049;CK-110-0395;CK-110-0533;CK-110-0639,v1.10.6,triaged,S1,benchmark,,none,medium,none,none,,internal/benchmark/runner.go;internal/benchmark/corpus.go;internal/benchmark/corpus_registry.go,Dynamic filesystem path findings must be reviewed for root containment and trust boundaries,Harden CI/tooling/benchmark validation and add script or release-gate checks.,required: regression/adversarial/integration coverage before closure,candidate,"Benchmark/script/CI inputs reject malformed, duplicate, mismatched, or non-finite data.",,,source_count=4; sources=codacy
CK-110-M020,Filesystem permission scanner findings must be reviewed by runtime area and threat model,Filesystem permission scanner findings must be reviewed by runtime area and threat model,Groups 18 raw finding(s) from codacy under one remediation invariant.,CK-110-0096;CK-110-0338;CK-110-0344;CK-110-0448;CK-110-0479;CK-110-0551;CK-110-0684;CK-110-0688;CK-110-0739;CK-110-0764;CK-110-0883;CK-110-1015;CK-110-1053;CK-110-1073;CK-110-1081;CK-110-1201;CK-110-1307;CK-110-1331,v1.10.6,triaged,S1,benchmark,,none,medium,none,none,0600,internal/benchmark/dataset.go;internal/benchmark/corpus.go;internal/benchmark/runner.go;internal/benchmark/scenarios.go;internal/chunk/benchmark/runner.go,Filesystem permission scanner findings must be reviewed by runtime area and threat model,Harden CI/tooling/benchmark validation and add script or release-gate checks.,required: regression/adversarial/integration coverage before closure,candidate,"Benchmark/script/CI inputs reject malformed, duplicate, mismatched, or non-finite data.",,,source_count=18; sources=codacy
CK-110-M021,Randomness scanner findings must distinguish deterministic tests/benchmarks from cryptographic use,Randomness scanner findings must distinguish deterministic tests/benchmarks from cryptographic u,Groups 4 raw finding(s) from codacy under one remediation invariant.,CK-110-0038;CK-110-0079;CK-110-0153;CK-110-1154,v1.10.6,triaged,S1,benchmark,,none,medium,none,none,math/rand;crypto/rand,internal/chunk/benchmark/datasets.go;internal/benchmark/dataset.go;internal/benchmark/corpus.go;internal/benchmark/scenarios.go,Randomness scanner findings must distinguish deterministic tests/benchmarks from cryptographic use,Harden CI/tooling/benchmark validation and add script or release-gate checks.,required: regression/adversarial/integration coverage before closure,candidate,"Benchmark/script/CI inputs reject malformed, duplicate, mismatched, or non-finite data.",,,source_count=4; sources=codacy
CK-110-M022,Codacy finding must be classified before enforcement,Codacy finding must be classified before enforcement,Groups 3 raw finding(s) from codacy under one remediation invariant.,CK-110-0187;CK-110-0330;CK-110-0432,v1.10.6,triaged,S1,ci,,none,medium,none,none,,.github/workflows/ci.yml,Codacy finding must be classified before enforcement,Harden CI/tooling/benchmark validation and add script or release-gate checks.,required: regression/adversarial/integration coverage before closure,candidate,"Benchmark/script/CI inputs reject malformed, duplicate, mismatched, or non-finite data.",,,source_count=3; sources=codacy
CK-110-M023,Command execution findings must be reviewed for trusted executable and argument boundaries,Command execution findings must be reviewed for trusted executable and argument boundaries,Groups 8 raw finding(s) from codacy under one remediation invariant.,CK-110-0171;CK-110-0326;CK-110-0568;CK-110-0726;CK-110-1089;CK-110-1221;CK-110-1405;CK-110-1418,v1.10.6,triaged,S1,codacy,,none,medium,none,none,,tests/utils/common.go;tests/adversarial/g6_concurrent_operations_adversarial_test.go;tests/adversarial/g10_g13_physical_graph_adversarial_test.go;tests/integration/v18_migration_compatibility_integration_test.go,Command execution findings must be reviewed for trusted executable and argument boundaries,Harden CI/tooling/benchmark validation and add script or release-gate checks.,required: regression/adversarial/integration coverage before closure,none,"Benchmark/script/CI inputs reject malformed, duplicate, mismatched, or non-finite data.",,,source_count=8; sources=codacy
CK-110-M024,Production complexity hotspots in critical paths must be tracked without behavior-changing refactors,Review production complexity hotspots,Groups 13 raw finding(s) from codacy under one remediation invariant.,CK-110-0140;CK-110-0277;CK-110-0291;CK-110-0353;CK-110-0369;CK-110-0437;CK-110-0578;CK-110-0579;CK-110-0896;CK-110-1178;CK-110-1285;CK-110-1361;CK-110-1416,backlog,triaged,S2,migration,,none,none,none,none,,internal/db/migrations.go,Production complexity hotspots in critical paths must be tracked without behavior-changing refactors,Track as non-blocking cleanup or policy decision.,recommended,none,"All source findings are fixed, accepted, deferred, suppressed, or duplicated with closure proof.",,,source_count=13; sources=codacy
CK-110-M025,Production complexity hotspots in critical paths must be tracked without behavior-changing refactors,Review production complexity hotspots,Groups 32 raw finding(s) from codacy under one remediation invariant.,CK-110-0008;CK-110-0016;CK-110-0030;CK-110-0039;CK-110-0170;CK-110-0207;CK-110-0288;CK-110-0332;CK-110-0351;CK-110-0415;CK-110-0428;CK-110-0489;CK-110-0552;CK-110-0560;CK-110-0643;CK-110-0786;CK-110-0801;CK-110-0848;CK-110-0858;CK-110-1002;CK-110-1012;CK-110-1034;CK-110-1064;CK-110-1130;CK-110-1134;CK-110-1214;CK-110-1222;CK-110-1229;CK-110-1257;CK-110-1261;CK-110-1310;CK-110-1368,backlog,triaged,S2,snapshot,,none,none,none,none,,internal/snapshot/snapshot.go;internal/snapshot/delete_lineage_preview.go;internal/snapshot/path_resolver.go;internal/cli/render/snapshot_diff.go;internal/cli/render/snapshot_delete.go;internal/cli/render/snapshot_list_show.go,Production complexity hotspots in critical paths must be tracked without behavior-changing refactors,Track as non-blocking cleanup or policy decision.,recommended,none,"All source findings are fixed, accepted, deferred, suppressed, or duplicated with closure proof.",,,source_count=32; sources=codacy
CK-110-M026,Production complexity hotspots in critical paths must be tracked without behavior-changing refactors,Review production complexity hotspots,Groups 57 raw finding(s) from codacy under one remediation invariant.,CK-110-0020;CK-110-0047;CK-110-0068;CK-110-0087;CK-110-0091;CK-110-0144;CK-110-0156;CK-110-0191;CK-110-0200;CK-110-0245;CK-110-0294;CK-110-0297;CK-110-0321;CK-110-0412;CK-110-0433;CK-110-0470;CK-110-0512;CK-110-0525;CK-110-0527;CK-110-0561;CK-110-0601;CK-110-0645;CK-110-0650;CK-110-0680;CK-110-0683;CK-110-0700;CK-110-0706;CK-110-0757;CK-110-0791;CK-110-0825;CK-110-0828;CK-110-0839;CK-110-0874;CK-110-0879;CK-110-0885;CK-110-0954;CK-110-0968;CK-110-0983;CK-110-1030;CK-110-1094;CK-110-1105;CK-110-1118;CK-110-1167;CK-110-1173;CK-110-1181;CK-110-1246;CK-110-1254;CK-110-1266;CK-110-1280;CK-110-1289;CK-110-1336;CK-110-1345;CK-110-1393;CK-110-1404;CK-110-1428;CK-110-1434;CK-110-1440,backlog,triaged,S2,storage,,medium,none,medium,none,,internal/container/format.go;internal/container/local_writer.go;internal/storage/store.go;internal/chunk/simplecdc/chunker.go;internal/container/container.go;internal/storage/physical_file_repository.go;internal/storage/context.go;internal/storage/remove.go;internal/chunk/fastcdc/chunker.go,Production complexity hotspots in critical paths must be tracked without behavior-changing refactors,Track as non-blocking cleanup or policy decision.,recommended,none,"All source findings are fixed, accepted, deferred, suppressed, or duplicated with closure proof.",,,source_count=57; sources=codacy
CK-110-M027,Production complexity hotspots in critical paths must be tracked without behavior-changing refactors,Review production complexity hotspots,Groups 52 raw finding(s) from codacy under one remediation invariant.,CK-110-0063;CK-110-0073;CK-110-0113;CK-110-0130;CK-110-0173;CK-110-0205;CK-110-0216;CK-110-0256;CK-110-0265;CK-110-0267;CK-110-0276;CK-110-0299;CK-110-0301;CK-110-0306;CK-110-0313;CK-110-0337;CK-110-0368;CK-110-0407;CK-110-0423;CK-110-0452;CK-110-0478;CK-110-0492;CK-110-0506;CK-110-0530;CK-110-0539;CK-110-0554;CK-110-0564;CK-110-0574;CK-110-0596;CK-110-0612;CK-110-0620;CK-110-0644;CK-110-0659;CK-110-0663;CK-110-0728;CK-110-0837;CK-110-0902;CK-110-0945;CK-110-1041;CK-110-1100;CK-110-1117;CK-110-1138;CK-110-1150;CK-110-1177;CK-110-1213;CK-110-1228;CK-110-1253;CK-110-1259;CK-110-1269;CK-110-1270;CK-110-1302;CK-110-1353,backlog,triaged,S2,verify,,medium,none,medium,none,,internal/verify/verify_repository.go;internal/verify/verify_file.go;internal/verify/verify_container.go;internal/verify/verify_metadata.go;internal/verify/verify_chunk.go;internal/verify/verify_physical.go;internal/verify/verify_block_pipeline.go;internal/verify/verify_failure.go;internal/verify/verify_system.go;internal/verify/verify_snapshot.go,Production complexity hotspots in critical paths must be tracked without behavior-changing refactors,Track as non-blocking cleanup or policy decision.,recommended,none,"All source findings are fixed, accepted, deferred, suppressed, or duplicated with closure proof.",,,source_count=52; sources=codacy
CK-110-M028,Boolean flags with explicit false must not be interpreted as true,Normalize explicit false boolean flag handling,Groups 7 raw finding(s) from external-audit under one remediation invariant.,CK-110-1470;CK-110-1471;CK-110-1513;CK-110-1514;CK-110-1576;CK-110-1591;CK-110-1592,v1.10.1,triaged,S2,cli,,none,none,medium,none,list --sort size --reverse=false;snapshot list --reverse=false;snapshot delete --force=false;snapshot delete --dry-run=false;parseCommandLine;=false,,Boolean flags with explicit false must not be interpreted as true,Centralize CLI/JSON contract validation and add command-level regression tests.,required: release-domain regression tests or documented rationale,none,Affected CLI/JSON cases fail safely or emit valid machine-consumable output; no state mutation on invalid input.,,,source_count=7; sources=external-audit
CK-110-M029,Commands must reject unexpected positional arguments before stateful work,Reject ignored extra positional arguments,Groups 15 raw finding(s) from external-audit under one remediation invariant.,CK-110-1444;CK-110-1445;CK-110-1446;CK-110-1447;CK-110-1448;CK-110-1449;CK-110-1451;CK-110-1484;CK-110-1485;CK-110-1486;CK-110-1516;CK-110-1517;CK-110-1549;CK-110-1663;CK-110-1683,v1.10.1,triaged,S2,cli,,none,none,medium,none,inspect repository extra;inspect snapshot <id> extra;verify system extra;verify file 123 fast extra;snapshot stats extra;simulate store file1 extra;repair ref-counts extra;init;version;help;simulate store;simulate gc;search;verify file;simulate store-folder dir extra,,Commands must reject unexpected positional arguments before stateful work,Centralize CLI/JSON contract validation and add command-level regression tests.,required: release-domain regression tests or documented rationale,none,Affected CLI/JSON cases fail safely or emit valid machine-consumable output; no state mutation on invalid input.,,,source_count=15; sources=external-audit
CK-110-M030,Singleton flags must reject duplicate occurrences instead of last-win behavior,Singleton flags must reject duplicate occurrences instead of last-win behavior,Groups 6 raw finding(s) from external-audit under one remediation invariant.,CK-110-1702;CK-110-1715;CK-110-1716;CK-110-1804;CK-110-1853;CK-110-1880,v1.10.1,triaged,S2,cli,,none,none,low,none,snapshot create;snapshot list;list/search --limit/--offset,,Singleton flags must reject duplicate occurrences instead of last-win behavior,Centralize CLI/JSON contract validation and add command-level regression tests.,required: release-domain regression tests or documented rationale,none,Affected CLI/JSON cases fail safely or emit valid machine-consumable output; no state mutation on invalid input.,,,source_count=6; sources=external-audit
CK-110-M031,Production complexity hotspots in critical paths must be tracked without behavior-changing refactors,Review production complexity hotspots,Groups 1 raw finding(s) from codacy under one remediation invariant.,CK-110-1212,v1.10.2,triaged,S2,filesystem,,none,none,none,none,,internal/observability/inspect.go,Production complexity hotspots in critical paths must be tracked without behavior-changing refactors,Centralize validation/security hardening and add invalid-input regression tests.,required: release-domain regression tests or documented rationale,none,Invalid validation/security cases are rejected before unsafe/stateful work where practical.,,,source_count=1; sources=codacy
CK-110-M032,Snapshot tag input and filtering must use consistent normalization,Snapshot tag input and filtering must use consistent normalization,Groups 3 raw finding(s) from external-audit under one remediation invariant.,CK-110-1475;CK-110-1537;CK-110-1664,v1.10.2,triaged,S2,snapshot,,none,none,medium,none,"snapshot create --tag a,,b;snapshot create --tag """";snapshot create --tag "",""",,Snapshot tag input and filtering must use consistent normalization,Centralize validation/security hardening and add invalid-input regression tests.,required: release-domain regression tests or documented rationale,none,Invalid validation/security cases are rejected before unsafe/stateful work where practical.,,,source_count=3; sources=external-audit
CK-110-M033,CLI validation must happen before repository initialization when possible,CLI validation must happen before repository initialization when possible,Groups 3 raw finding(s) from external-audit under one remediation invariant.,CK-110-1450;CK-110-1493;CK-110-1671,v1.10.2,triaged,S2,validation,,none,none,low,none,config get compression-level extra;repair ref-counts --batch --input missing.json;snapshot create --from missing --output json,,CLI validation must happen before repository initialization when possible,Centralize validation/security hardening and add invalid-input regression tests.,required: release-domain regression tests or documented rationale,none,Invalid validation/security cases are rejected before unsafe/stateful work where practical.,,,source_count=3; sources=external-audit
CK-110-M034,Numeric inputs and metrics must reject zero/negative/NaN/Infinity values where invalid,Reject invalid numeric and non-finite values,Groups 27 raw finding(s) from external-audit under one remediation invariant.,CK-110-1515;CK-110-1526;CK-110-1534;CK-110-1540;CK-110-1541;CK-110-1551;CK-110-1557;CK-110-1572;CK-110-1579;CK-110-1669;CK-110-1670;CK-110-1705;CK-110-1706;CK-110-1764;CK-110-1783;CK-110-1791;CK-110-1832;CK-110-1842;CK-110-1900;CK-110-1903;CK-110-1909;CK-110-1910;CK-110-1911;CK-110-1925;CK-110-1929;CK-110-1953;CK-110-1956,v1.10.2,triaged,S2,validation,,none,none,medium,none,"inferOutputModeFromArgs();--;list/search/snapshot --limit "" 10 "";restore --workers -1;restore --limit 0;snapshot restore --limit 0;inspect --output json;version;outputSupportedCommands;snapshot delete --dry-run --output json;search --min-size -1;COLDKEEP_CONTAINER_MAX_SIZE_MB=0;COLDKEEP_CONTAINER_MAX_SIZE_MB;stats;storage_blocks.compression_ratio;(storage_block_id, chunk_id);BlockBuilder.Add();ChunkID;verify fast;physical.total_physical_files;list;search;json.Marshal;ReadPayloadAt()",,Numeric inputs and metrics must reject zero/negative/NaN/Infinity values where invalid,Centralize validation/security hardening and add invalid-input regression tests.,required: release-domain regression tests or documented rationale,none,Invalid validation/security cases are rejected before unsafe/stateful work where practical.,,,source_count=27; sources=external-audit
CK-110-M035,Production complexity hotspots in critical paths must be tracked without behavior-changing refactors,Review production complexity hotspots,Groups 3 raw finding(s) from codacy under one remediation invariant.,CK-110-0143;CK-110-0145;CK-110-0916,v1.10.3,triaged,S2,packed-storage,,medium,none,medium,none,,internal/storage/storage_block_reader.go,Production complexity hotspots in critical paths must be tracked without behavior-changing refactors,Align packed-storage behavior across affected observability/verify/storage paths.,recommended,none,"All source findings are fixed, accepted, deferred, suppressed, or duplicated with closure proof.",,,source_count=3; sources=codacy
CK-110-M036,Production complexity hotspots in critical paths must be tracked without behavior-changing refactors,Review production complexity hotspots,Groups 22 raw finding(s) from codacy under one remediation invariant.,CK-110-0006;CK-110-0162;CK-110-0217;CK-110-0318;CK-110-0340;CK-110-0355;CK-110-0410;CK-110-0417;CK-110-0439;CK-110-0451;CK-110-0523;CK-110-0546;CK-110-0550;CK-110-0715;CK-110-0724;CK-110-0750;CK-110-0805;CK-110-0869;CK-110-0942;CK-110-1037;CK-110-1207;CK-110-1309,v1.10.4,triaged,S2,gc,,medium,none,medium,none,,internal/maintenance/repair_refcounts.go;internal/gc/plan.go;internal/maintenance/stats.go;internal/maintenance/gc.go;internal/maintenance/verify_command.go,Production complexity hotspots in critical paths must be tracked without behavior-changing refactors,Align GC/refcount reachability and add dry-run/live-plan regression tests.,recommended,none,"All source findings are fixed, accepted, deferred, suppressed, or duplicated with closure proof.",,,source_count=22; sources=codacy
CK-110-M037,Production complexity hotspots in critical paths must be tracked without behavior-changing refactors,Review production complexity hotspots,Groups 8 raw finding(s) from codacy under one remediation invariant.,CK-110-0083;CK-110-0192;CK-110-0424;CK-110-0685;CK-110-0743;CK-110-0842;CK-110-1296;CK-110-1421,v1.10.5,triaged,S2,recovery,,medium,none,medium,medium,,internal/recovery/system_recovery.go,Production complexity hotspots in critical paths must be tracked without behavior-changing refactors,Harden restore/recovery validation and add unsafe-mode regression tests.,required: release-domain regression tests or documented rationale,none,Restore/recovery mode-specific inputs are rejected safely and do not fall through to unintended behavior.,,,source_count=8; sources=codacy
CK-110-M038,Production complexity hotspots in critical paths must be tracked without behavior-changing refactors,Review production complexity hotspots,Groups 8 raw finding(s) from codacy under one remediation invariant.,CK-110-0029;CK-110-0032;CK-110-0078;CK-110-0137;CK-110-0193;CK-110-0349;CK-110-0473;CK-110-1443,v1.10.5,triaged,S2,restore,,medium,none,medium,none,,internal/storage/restore.go,Production complexity hotspots in critical paths must be tracked without behavior-changing refactors,Harden restore/recovery validation and add unsafe-mode regression tests.,required: release-domain regression tests or documented rationale,none,Restore/recovery mode-specific inputs are rejected safely and do not fall through to unintended behavior.,,,source_count=8; sources=codacy
CK-110-M039,Benchmark comparison inputs must enforce unique case identity,Reject duplicate benchmark case identities,Groups 12 raw finding(s) from external-audit under one remediation invariant.,CK-110-1455;CK-110-1456;CK-110-1464;CK-110-1488;CK-110-1489;CK-110-1494;CK-110-1495;CK-110-1666;CK-110-1686;CK-110-1712;CK-110-1713;CK-110-1714,v1.10.6,triaged,S2,benchmark,,none,none,medium,none,benchmark compare;benchmark compare --threshold 0;--threshold 0.0;validate_regression_thresholds.py,,Benchmark comparison inputs must enforce unique case identity,Harden CI/tooling/benchmark validation and add script or release-gate checks.,required: release-domain regression tests or documented rationale,required: CI or release-gate check candidate,"Benchmark/script/CI inputs reject malformed, duplicate, mismatched, or non-finite data.",,,source_count=12; sources=external-audit
CK-110-M040,Benchmark comparison must reject self-comparison and invalid input pairing,Benchmark comparison must reject self-comparison and invalid input pairing,Groups 2 raw finding(s) from external-audit under one remediation invariant.,CK-110-1698;CK-110-1799,v1.10.6,triaged,S2,benchmark,,none,none,medium,none,,,Benchmark comparison must reject self-comparison and invalid input pairing,Harden CI/tooling/benchmark validation and add script or release-gate checks.,required: release-domain regression tests or documented rationale,required: CI or release-gate check candidate,"Benchmark/script/CI inputs reject malformed, duplicate, mismatched, or non-finite data.",,,source_count=2; sources=external-audit
CK-110-M041,Benchmark comparison must validate report type and JSON envelope identity,Validate benchmark report type and envelope,Groups 5 raw finding(s) from external-audit under one remediation invariant.,CK-110-1739;CK-110-1923;CK-110-1965;CK-110-1976;CK-110-1990,v1.10.6,triaged,S2,benchmark,,none,none,medium,none,validate_regression_thresholds.py;data,,Benchmark comparison must validate report type and JSON envelope identity,Harden CI/tooling/benchmark validation and add script or release-gate checks.,required: release-domain regression tests or documented rationale,required: CI or release-gate check candidate,"Benchmark/script/CI inputs reject malformed, duplicate, mismatched, or non-finite data.",,,source_count=5; sources=external-audit
CK-110-M042,Numeric inputs and metrics must reject zero/negative/NaN/Infinity values where invalid,Reject invalid numeric and non-finite values,Groups 12 raw finding(s) from external-audit under one remediation invariant.,CK-110-1465;CK-110-1466;CK-110-1472;CK-110-1473;CK-110-1491;CK-110-1496;CK-110-1497;CK-110-1570;CK-110-1578;CK-110-1807;CK-110-1810;CK-110-1930,v1.10.6,triaged,S2,benchmark,,none,none,medium,none,summarize_phase8_blocksize.py;Infinity;NaN;benchmark compare;compare_phase8_dedup_results.py;--max-delta-ratio inf;scripts/compare_phase8_dedup_results.py --max-delta-ratio nan;benchmark compare --threshold nan;benchmark compare --threshold inf;benchmark run --threshold Inf;benchmark run --threshold NaN;RecordThroughput();Inf,,Numeric inputs and metrics must reject zero/negative/NaN/Infinity values where invalid,Harden CI/tooling/benchmark validation and add script or release-gate checks.,required: release-domain regression tests or documented rationale,required: CI or release-gate check candidate,"Benchmark/script/CI inputs reject malformed, duplicate, mismatched, or non-finite data.",,,source_count=12; sources=external-audit
CK-110-M043,Release scripts must propagate required database environment consistently,Harden release and benchmark script output validation,Groups 2 raw finding(s) from external-audit under one remediation invariant.,CK-110-1483;CK-110-1659,v1.10.6,triaged,S2,ci,,none,none,low,none,run_snapshot_release_gate.sh;DB_SSLMODE,,Release scripts must propagate required database environment consistently,Harden CI/tooling/benchmark validation and add script or release-gate checks.,required: release-domain regression tests or documented rationale,required: CI or release-gate check candidate,"Benchmark/script/CI inputs reject malformed, duplicate, mismatched, or non-finite data.",,,source_count=2; sources=external-audit
CK-110-M044,Production complexity hotspots in critical paths must be tracked without behavior-changing refactors,Review production complexity hotspots,Groups 50 raw finding(s) from codacy under one remediation invariant.,CK-110-0027;CK-110-0035;CK-110-0062;CK-110-0122;CK-110-0124;CK-110-0132;CK-110-0136;CK-110-0149;CK-110-0218;CK-110-0238;CK-110-0316;CK-110-0322;CK-110-0378;CK-110-0403;CK-110-0406;CK-110-0409;CK-110-0496;CK-110-0511;CK-110-0571;CK-110-0608;CK-110-0651;CK-110-0658;CK-110-0670;CK-110-0704;CK-110-0714;CK-110-0838;CK-110-0857;CK-110-0876;CK-110-0897;CK-110-0931;CK-110-0951;CK-110-0956;CK-110-0970;CK-110-0971;CK-110-0990;CK-110-0992;CK-110-1000;CK-110-1018;CK-110-1063;CK-110-1103;CK-110-1119;CK-110-1171;CK-110-1211;CK-110-1267;CK-110-1281;CK-110-1297;CK-110-1346;CK-110-1386;CK-110-1415;CK-110-1437,v1.10.6,triaged,S2,codacy,,none,none,none,none,,cmd/coldkeep/init.go;internal/observability/inspect.go;internal/observability/stats.go;internal/observability/simulate.go;internal/blocks/block_format_v1.go;internal/graph/reachability.go;internal/cli/render/inspect.go;internal/cli/render/simulate_store.go;internal/repository/capabilities/derive.go;internal/graph/traversal.go;internal/listing/query.go;internal/listing/search.go;internal/cli/render/stats.go;internal/cli/render/simulate.go,Production complexity hotspots in critical paths must be tracked without behavior-changing refactors,Harden CI/tooling/benchmark validation and add script or release-gate checks.,required: release-domain regression tests or documented rationale,none,"Benchmark/script/CI inputs reject malformed, duplicate, mismatched, or non-finite data.",,,source_count=50; sources=codacy
CK-110-M045,Release and benchmark scripts must not mask failures or mishandle unsafe inputs,Release and benchmark scripts must not mask failures or mishandle unsafe inputs,Groups 28 raw finding(s) from codacy under one remediation invariant.,CK-110-0084;CK-110-0099;CK-110-0150;CK-110-0172;CK-110-0220;CK-110-0375;CK-110-0463;CK-110-0593;CK-110-0611;CK-110-0627;CK-110-0635;CK-110-0642;CK-110-0708;CK-110-0776;CK-110-0829;CK-110-0908;CK-110-0912;CK-110-0914;CK-110-0969;CK-110-1022;CK-110-1059;CK-110-1143;CK-110-1223;CK-110-1347;CK-110-1351;CK-110-1374;CK-110-1382;CK-110-1411,v1.10.6,triaged,S2,tooling,,none,none,low,none,...,scripts/smoke.sh;scripts/validate_regression_thresholds.py;scripts/summarize_phase8_blocksize.py;scripts/compare_phase8_gc_results.py;scripts/compare_phase8_dedup_results.py;scripts/run_phase8_blocksize_matrix.sh,Release and benchmark scripts must not mask failures or mishandle unsafe inputs,Harden CI/tooling/benchmark validation and add script or release-gate checks.,required: release-domain regression tests or documented rationale,required: CI or release-gate check candidate,"Benchmark/script/CI inputs reject malformed, duplicate, mismatched, or non-finite data.",,,source_count=28; sources=codacy
CK-110-M046,Release scripts must reject malformed CSV headers and mixed-schema append behavior,Harden release and benchmark script output validation,Groups 3 raw finding(s) from external-audit under one remediation invariant.,CK-110-1458;CK-110-1467;CK-110-1474,v1.10.6,triaged,S2,tooling,,none,none,medium,none,run_phase8_restore_sequence.sh;scripts/run_phase8_restore_sequence.sh;compare_phase8_dedup_results.py,,Release scripts must reject malformed CSV headers and mixed-schema append behavior,Harden CI/tooling/benchmark validation and add script or release-gate checks.,required: release-domain regression tests or documented rationale,required: CI or release-gate check candidate,"Benchmark/script/CI inputs reject malformed, duplicate, mismatched, or non-finite data.",,,source_count=3; sources=external-audit
CK-110-M047,Test complexity findings must be reviewed without weakening invariant coverage,Test complexity findings must be reviewed without weakening invariant coverage,Groups 24 raw finding(s) from codacy under one remediation invariant.,CK-110-0002;CK-110-0005;CK-110-0070;CK-110-0089;CK-110-0254;CK-110-0404;CK-110-0524;CK-110-0599;CK-110-0604;CK-110-0615;CK-110-0765;CK-110-0782;CK-110-0815;CK-110-0827;CK-110-0836;CK-110-0884;CK-110-1054;CK-110-1102;CK-110-1104;CK-110-1193;CK-110-1326;CK-110-1348;CK-110-1366;CK-110-1391,backlog,triaged,S3,migration,,none,none,none,none,,internal/db/migrations_test.go,Test complexity findings must be reviewed without weakening invariant coverage,Track as non-blocking cleanup or policy decision.,recommended,none,"All source findings are fixed, accepted, deferred, suppressed, or duplicated with closure proof.",,,source_count=24; sources=codacy
CK-110-M048,Test-only security scanner findings must be reviewed and suppressed only with rationale,Classify test-only scanner findings,Groups 32 raw finding(s) from codacy under one remediation invariant.,CK-110-0033;CK-110-0109;CK-110-0119;CK-110-0131;CK-110-0146;CK-110-0167;CK-110-0212;CK-110-0236;CK-110-0274;CK-110-0357;CK-110-0387;CK-110-0558;CK-110-0675;CK-110-0698;CK-110-0812;CK-110-0822;CK-110-0845;CK-110-0851;CK-110-0866;CK-110-0973;CK-110-0981;CK-110-1019;CK-110-1023;CK-110-1163;CK-110-1224;CK-110-1233;CK-110-1283;CK-110-1363;CK-110-1377;CK-110-1397;CK-110-1420;CK-110-1423,backlog,triaged,S3,migration,,none,none,none,none,,internal/db/migrations_test.go,Test-only security scanner findings must be reviewed and suppressed only with rationale,Track as non-blocking cleanup or policy decision.,recommended,none,"All source findings are fixed, accepted, deferred, suppressed, or duplicated with closure proof.",,,source_count=32; sources=codacy
CK-110-M049,Test complexity findings must be reviewed without weakening invariant coverage,Test complexity findings must be reviewed without weakening invariant coverage,Groups 14 raw finding(s) from codacy under one remediation invariant.,CK-110-0157;CK-110-0189;CK-110-0257;CK-110-0312;CK-110-0373;CK-110-0405;CK-110-0456;CK-110-0504;CK-110-0727;CK-110-0898;CK-110-0927;CK-110-1153;CK-110-1198;CK-110-1385,backlog,triaged,S3,snapshot,,none,none,none,none,,tests/adversarial/g14_g17_snapshot_retention_adversarial_test.go;internal/snapshot/snapshot_bench_test.go;internal/snapshot/delete_lineage_preview_test.go;internal/snapshot/snapshot_fuzz_test.go,Test complexity findings must be reviewed without weakening invariant coverage,Track as non-blocking cleanup or policy decision.,recommended,none,"All source findings are fixed, accepted, deferred, suppressed, or duplicated with closure proof.",,,source_count=14; sources=codacy
CK-110-M050,Test-only security scanner findings must be reviewed and suppressed only with rationale,Classify test-only scanner findings,Groups 15 raw finding(s) from codacy under one remediation invariant.,CK-110-0009;CK-110-0101;CK-110-0342;CK-110-0390;CK-110-0513;CK-110-0630;CK-110-0652;CK-110-0788;CK-110-1210;CK-110-1265;CK-110-1316;CK-110-1327;CK-110-1369;CK-110-1384;CK-110-1427,backlog,triaged,S3,snapshot,,none,none,none,none,0600;math/rand;crypto/rand,internal/snapshot/snapshot_bench_test.go;tests/adversarial/g14_g17_snapshot_retention_adversarial_test.go,Test-only security scanner findings must be reviewed and suppressed only with rationale,Track as non-blocking cleanup or policy decision.,recommended,none,"All source findings are fixed, accepted, deferred, suppressed, or duplicated with closure proof.",,,source_count=15; sources=codacy
CK-110-M051,Test complexity findings must be reviewed without weakening invariant coverage,Test complexity findings must be reviewed without weakening invariant coverage,Groups 78 raw finding(s) from codacy under one remediation invariant.,CK-110-0004;CK-110-0034;CK-110-0061;CK-110-0071;CK-110-0080;CK-110-0098;CK-110-0102;CK-110-0123;CK-110-0126;CK-110-0152;CK-110-0174;CK-110-0213;CK-110-0223;CK-110-0240;CK-110-0243;CK-110-0260;CK-110-0273;CK-110-0278;CK-110-0347;CK-110-0363;CK-110-0371;CK-110-0379;CK-110-0389;CK-110-0393;CK-110-0402;CK-110-0426;CK-110-0438;CK-110-0446;CK-110-0447;CK-110-0449;CK-110-0500;CK-110-0507;CK-110-0529;CK-110-0534;CK-110-0557;CK-110-0589;CK-110-0614;CK-110-0624;CK-110-0647;CK-110-0653;CK-110-0661;CK-110-0678;CK-110-0689;CK-110-0699;CK-110-0759;CK-110-0773;CK-110-0792;CK-110-0846;CK-110-0854;CK-110-0862;CK-110-0894;CK-110-0901;CK-110-0913;CK-110-0915;CK-110-0979;CK-110-0985;CK-110-0995;CK-110-0996;CK-110-1071;CK-110-1076;CK-110-1085;CK-110-1087;CK-110-1092;CK-110-1113;CK-110-1145;CK-110-1165;CK-110-1182;CK-110-1185;CK-110-1191;CK-110-1195;CK-110-1250;CK-110-1275;CK-110-1294;CK-110-1300;CK-110-1312;CK-110-1394;CK-110-1406;CK-110-1417,backlog,triaged,S3,storage,,none,none,none,none,,internal/storage/physical_file_repository_test.go;internal/storage/store_compression_feature_gate_test.go;internal/storage/remove_test.go;internal/chunk/chunker_comparison_test.go;internal/storage/repository_config_test.go;internal/storage/phase1_compat_matrix_test.go;internal/container/simulated_writer_test.go;internal/storage/test_repository_fixture_test.go;internal/storage/store_prepare_chunks_test.go;internal/storage/store_v2chunker_test.go;internal/container/local_writer_test.go;internal/container/container_test.go;internal/chunk/fastcdc/chunker_test.go;internal/storage/store_transform_ordering_contract_test.go;internal/storage/store_cancellation_test.go;tests/adversarial/v110_s0_chunk_reuse_bounds_stabilization_test.go;internal/chunk/registry_test.go;internal/chunk/simplecdc/chunker_test.go,Test complexity findings must be reviewed without weakening invariant coverage,Track as non-blocking cleanup or policy decision.,recommended,none,"All source findings are fixed, accepted, deferred, suppressed, or duplicated with closure proof.",,,source_count=78; sources=codacy
CK-110-M052,Test-only security scanner findings must be reviewed and suppressed only with rationale,Classify test-only scanner findings,Groups 40 raw finding(s) from codacy under one remediation invariant.,CK-110-0011;CK-110-0021;CK-110-0042;CK-110-0081;CK-110-0107;CK-110-0128;CK-110-0155;CK-110-0161;CK-110-0195;CK-110-0235;CK-110-0242;CK-110-0290;CK-110-0386;CK-110-0491;CK-110-0498;CK-110-0549;CK-110-0598;CK-110-0634;CK-110-0648;CK-110-0705;CK-110-0712;CK-110-0718;CK-110-0787;CK-110-0793;CK-110-0888;CK-110-0905;CK-110-0918;CK-110-0946;CK-110-0998;CK-110-1009;CK-110-1131;CK-110-1132;CK-110-1231;CK-110-1258;CK-110-1282;CK-110-1298;CK-110-1299;CK-110-1320;CK-110-1359;CK-110-1436,backlog,triaged,S3,storage,,none,none,none,none,0600;math/rand;crypto/rand,tests/adversarial/v110_s0_chunk_reuse_bounds_stabilization_test.go;internal/storage/phase1_compat_matrix_test.go;internal/storage/compression/zstd_test.go;internal/storage/store_v2chunker_test.go;internal/storage/store_compression_feature_gate_test.go;internal/container/local_writer_test.go;internal/container/container_test.go;internal/storage/store_prepare_chunks_test.go,Test-only security scanner findings must be reviewed and suppressed only with rationale,Track as non-blocking cleanup or policy decision.,recommended,none,"All source findings are fixed, accepted, deferred, suppressed, or duplicated with closure proof.",,,source_count=40; sources=codacy
CK-110-M054,Test complexity findings must be reviewed without weakening invariant coverage,Test complexity findings must be reviewed without weakening invariant coverage,Groups 29 raw finding(s) from codacy under one remediation invariant.,CK-110-0059;CK-110-0086;CK-110-0127;CK-110-0134;CK-110-0263;CK-110-0303;CK-110-0367;CK-110-0394;CK-110-0399;CK-110-0422;CK-110-0490;CK-110-0508;CK-110-0566;CK-110-0577;CK-110-0581;CK-110-0687;CK-110-0748;CK-110-0761;CK-110-0777;CK-110-0818;CK-110-0872;CK-110-0932;CK-110-1011;CK-110-1244;CK-110-1264;CK-110-1287;CK-110-1354;CK-110-1372;CK-110-1380,backlog,triaged,S3,verify,,none,none,none,none,,internal/verify/verify_system_test.go;internal/verify/verify_corruption_fixtures_test.go;internal/verify/verify_regression_test.go;internal/verify/verify_file_test.go;internal/verify/verify_block_pipeline_test.go,Test complexity findings must be reviewed without weakening invariant coverage,Track as non-blocking cleanup or policy decision.,recommended,none,"All source findings are fixed, accepted, deferred, suppressed, or duplicated with closure proof.",,,source_count=29; sources=codacy
CK-110-M055,Test-only security scanner findings must be reviewed and suppressed only with rationale,Classify test-only scanner findings,Groups 8 raw finding(s) from codacy under one remediation invariant.,CK-110-0469;CK-110-0493;CK-110-0600;CK-110-0789;CK-110-1006;CK-110-1021;CK-110-1318;CK-110-1388,backlog,triaged,S3,verify,,none,none,none,none,0600,internal/verify/verify_corruption_fixtures_test.go;internal/verify/verify_system_test.go,Test-only security scanner findings must be reviewed and suppressed only with rationale,Track as non-blocking cleanup or policy decision.,recommended,none,"All source findings are fixed, accepted, deferred, suppressed, or duplicated with closure proof.",,,source_count=8; sources=codacy
CK-110-M056,Test complexity findings must be reviewed without weakening invariant coverage,Test complexity findings must be reviewed without weakening invariant coverage,Groups 18 raw finding(s) from codacy under one remediation invariant.,CK-110-0092;CK-110-0095;CK-110-0266;CK-110-0284;CK-110-0341;CK-110-0356;CK-110-0545;CK-110-0762;CK-110-0816;CK-110-0833;CK-110-0867;CK-110-1033;CK-110-1060;CK-110-1062;CK-110-1151;CK-110-1304;CK-110-1314;CK-110-1424,v1.10.2,triaged,S3,filesystem,,none,none,none,none,,tests/integration/read_path_regression_test.go;tests/adversarial/g9_batch_semantics_adversarial_test.go;tests/integration/v19_legacy_upgrade_path_integration_test.go;internal/observability/service_test.go;internal/observability/stats_test.go;internal/observability/inspect_test.go;internal/retention/reachability_test.go;tests/integration/v18_migration_compatibility_integration_test.go;internal/blocks/block_format_v1_test.go;tests/utils/common.go;internal/observability/equivalence_phase7_test.go,Test complexity findings must be reviewed without weakening invariant coverage,Centralize validation/security hardening and add invalid-input regression tests.,required: release-domain regression tests or documented rationale,none,Invalid validation/security cases are rejected before unsafe/stateful work where practical.,,,source_count=18; sources=codacy
CK-110-M057,Test-only security scanner findings must be reviewed and suppressed only with rationale,Classify test-only scanner findings,Groups 124 raw finding(s) from codacy under one remediation invariant.,CK-110-0023;CK-110-0045;CK-110-0076;CK-110-0077;CK-110-0116;CK-110-0135;CK-110-0158;CK-110-0159;CK-110-0168;CK-110-0211;CK-110-0219;CK-110-0251;CK-110-0293;CK-110-0295;CK-110-0296;CK-110-0315;CK-110-0323;CK-110-0346;CK-110-0352;CK-110-0354;CK-110-0382;CK-110-0392;CK-110-0398;CK-110-0400;CK-110-0421;CK-110-0442;CK-110-0445;CK-110-0457;CK-110-0466;CK-110-0476;CK-110-0514;CK-110-0515;CK-110-0536;CK-110-0541;CK-110-0547;CK-110-0548;CK-110-0553;CK-110-0555;CK-110-0562;CK-110-0582;CK-110-0584;CK-110-0588;CK-110-0592;CK-110-0602;CK-110-0606;CK-110-0617;CK-110-0619;CK-110-0623;CK-110-0625;CK-110-0628;CK-110-0631;CK-110-0633;CK-110-0636;CK-110-0649;CK-110-0655;CK-110-0662;CK-110-0672;CK-110-0673;CK-110-0692;CK-110-0702;CK-110-0711;CK-110-0713;CK-110-0735;CK-110-0760;CK-110-0768;CK-110-0769;CK-110-0779;CK-110-0780;CK-110-0796;CK-110-0800;CK-110-0802;CK-110-0814;CK-110-0824;CK-110-0855;CK-110-0856;CK-110-0868;CK-110-0870;CK-110-0904;CK-110-0925;CK-110-0936;CK-110-0947;CK-110-0953;CK-110-0964;CK-110-0966;CK-110-0978;CK-110-0982;CK-110-0994;CK-110-1003;CK-110-1005;CK-110-1007;CK-110-1029;CK-110-1035;CK-110-1067;CK-110-1075;CK-110-1099;CK-110-1108;CK-110-1111;CK-110-1114;CK-110-1120;CK-110-1122;CK-110-1124;CK-110-1135;CK-110-1137;CK-110-1140;CK-110-1146;CK-110-1158;CK-110-1170;CK-110-1189;CK-110-1216;CK-110-1232;CK-110-1234;CK-110-1235;CK-110-1277;CK-110-1278;CK-110-1335;CK-110-1337;CK-110-1373;CK-110-1398;CK-110-1407;CK-110-1410;CK-110-1413;CK-110-1419;CK-110-1429;CK-110-1432,v1.10.2,triaged,S3,filesystem,,none,none,none,none,0600,internal/iodebug/counters_test.go;tests/utils/common.go;tests/integration/v18_migration_compatibility_integration_test.go;tests/adversarial/g8_system_invariants_lifecycle_adversarial_test.go;tests/adversarial/g7_deep_corruption_adversarial_test.go;tests/adversarial/g3_no_data_loss_valid_sequences_adversarial_test.go;tests/adversarial/g6_concurrent_operations_adversarial_test.go;tests/adversarial/g9_batch_semantics_adversarial_test.go;tests/integration/read_path_regression_test.go;tests/integration/v19_legacy_upgrade_path_integration_test.go;internal/batch/loader_test.go;tests/adversarial/g10_g13_physical_graph_adversarial_test.go;internal/utils_hash/hash_test.go;tests/adversarial/g2_inconsistent_state_adversarial_test.go;tests/adversarial/g68_dedup_semantics_matrix_test.go;tests/integration/v19_stats_semantics_integration_test.go;tests/adversarial/g611_adversarial_compression_longrun_test.go;tests/adversarial/g610_mixed_repository_stability_test.go,Test-only security scanner findings must be reviewed and suppressed only with rationale,Centralize validation/security hardening and add invalid-input regression tests.,required: release-domain regression tests or documented rationale,none,Invalid validation/security cases are rejected before unsafe/stateful work where practical.,,,source_count=124; sources=codacy
CK-110-M058,Container packaging should avoid unnecessary root execution where applicable,Container packaging should avoid unnecessary root execution where applicable,Groups 2 raw finding(s) from codacy under one remediation invariant.,CK-110-0056;CK-110-0544,v1.10.2,triaged,S3,security,,none,low,none,none,,Dockerfile,Container packaging should avoid unnecessary root execution where applicable,Centralize validation/security hardening and add invalid-input regression tests.,required: release-domain regression tests or documented rationale,none,Invalid validation/security cases are rejected before unsafe/stateful work where practical.,,,source_count=2; sources=codacy
CK-110-M059,Test-only security scanner findings must be reviewed and suppressed only with rationale,Classify test-only scanner findings,Groups 37 raw finding(s) from codacy under one remediation invariant.,CK-110-0018;CK-110-0028;CK-110-0064;CK-110-0074;CK-110-0094;CK-110-0183;CK-110-0247;CK-110-0283;CK-110-0292;CK-110-0327;CK-110-0411;CK-110-0443;CK-110-0462;CK-110-0465;CK-110-0518;CK-110-0519;CK-110-0522;CK-110-0538;CK-110-0556;CK-110-0575;CK-110-0576;CK-110-0591;CK-110-0681;CK-110-0716;CK-110-0835;CK-110-0944;CK-110-0984;CK-110-0999;CK-110-1017;CK-110-1144;CK-110-1172;CK-110-1263;CK-110-1286;CK-110-1288;CK-110-1313;CK-110-1341;CK-110-1395,v1.10.2,triaged,S3,security,,none,none,none,none,,internal/observability/inspect_test.go;internal/observability/service_test.go;internal/graph/reachability_test.go;tests/adversarial/g6_concurrent_operations_adversarial_test.go;tests/adversarial/g7_deep_corruption_adversarial_test.go;tests/integration/v18_migration_compatibility_integration_test.go;internal/observability/stats_test.go;internal/observability/equivalence_phase7_test.go;tests/adversarial/g2_inconsistent_state_adversarial_test.go;internal/retention/reachability_test.go,Test-only security scanner findings must be reviewed and suppressed only with rationale,Centralize validation/security hardening and add invalid-input regression tests.,required: release-domain regression tests or documented rationale,none,Invalid validation/security cases are rejected before unsafe/stateful work where practical.,,,source_count=37; sources=codacy
CK-110-M060,Test complexity findings must be reviewed without weakening invariant coverage,Test complexity findings must be reviewed without weakening invariant coverage,Groups 14 raw finding(s) from codacy under one remediation invariant.,CK-110-0031;CK-110-0051;CK-110-0272;CK-110-0302;CK-110-0418;CK-110-0696;CK-110-0721;CK-110-0807;CK-110-0831;CK-110-0949;CK-110-1084;CK-110-1206;CK-110-1358;CK-110-1364,v1.10.3,triaged,S3,packed-storage,,none,none,none,none,,internal/storage/storage_block_reader_test.go,Test complexity findings must be reviewed without weakening invariant coverage,Align packed-storage behavior across affected observability/verify/storage paths.,recommended,none,"All source findings are fixed, accepted, deferred, suppressed, or duplicated with closure proof.",,,source_count=14; sources=codacy
CK-110-M061,Test-only security scanner findings must be reviewed and suppressed only with rationale,Classify test-only scanner findings,Groups 2 raw finding(s) from codacy under one remediation invariant.,CK-110-1127;CK-110-1325,v1.10.3,triaged,S3,packed-storage,,none,none,none,none,,internal/storage/storage_block_reader_test.go,Test-only security scanner findings must be reviewed and suppressed only with rationale,Align packed-storage behavior across affected observability/verify/storage paths.,recommended,none,"All source findings are fixed, accepted, deferred, suppressed, or duplicated with closure proof.",,,source_count=2; sources=codacy
CK-110-M062,Test complexity findings must be reviewed without weakening invariant coverage,Test complexity findings must be reviewed without weakening invariant coverage,Groups 73 raw finding(s) from codacy under one remediation invariant.,CK-110-0003;CK-110-0036;CK-110-0052;CK-110-0057;CK-110-0075;CK-110-0111;CK-110-0148;CK-110-0179;CK-110-0196;CK-110-0203;CK-110-0229;CK-110-0231;CK-110-0233;CK-110-0259;CK-110-0262;CK-110-0281;CK-110-0328;CK-110-0339;CK-110-0348;CK-110-0350;CK-110-0419;CK-110-0429;CK-110-0441;CK-110-0499;CK-110-0503;CK-110-0520;CK-110-0521;CK-110-0585;CK-110-0590;CK-110-0607;CK-110-0610;CK-110-0626;CK-110-0638;CK-110-0660;CK-110-0676;CK-110-0677;CK-110-0730;CK-110-0733;CK-110-0746;CK-110-0753;CK-110-0755;CK-110-0784;CK-110-0797;CK-110-0817;CK-110-0844;CK-110-0882;CK-110-0887;CK-110-0922;CK-110-0962;CK-110-0963;CK-110-0977;CK-110-0980;CK-110-1045;CK-110-1070;CK-110-1083;CK-110-1088;CK-110-1090;CK-110-1096;CK-110-1097;CK-110-1110;CK-110-1115;CK-110-1125;CK-110-1128;CK-110-1183;CK-110-1188;CK-110-1190;CK-110-1215;CK-110-1241;CK-110-1308;CK-110-1344;CK-110-1378;CK-110-1379;CK-110-1430,v1.10.4,triaged,S3,gc,,none,none,none,none,,internal/maintenance/gc_test.go;internal/maintenance/gc_parity_test.go;internal/maintenance/gc_step11_test.go;internal/maintenance/stats_test.go;internal/gc/plan_test.go;internal/maintenance/gc_step11_parity_test.go;tests/adversarial/g4_non_destructive_gc_adversarial_test.go;internal/maintenance/gc_packed_test.go;internal/maintenance/stats_bench_test.go;tests/adversarial/g69_gc_safety_matrix_test.go,Test complexity findings must be reviewed without weakening invariant coverage,Align GC/refcount reachability and add dry-run/live-plan regression tests.,recommended,none,"All source findings are fixed, accepted, deferred, suppressed, or duplicated with closure proof.",,,source_count=73; sources=codacy
CK-110-M063,Test-only security scanner findings must be reviewed and suppressed only with rationale,Classify test-only scanner findings,Groups 38 raw finding(s) from codacy under one remediation invariant.,CK-110-0007;CK-110-0025;CK-110-0037;CK-110-0105;CK-110-0178;CK-110-0198;CK-110-0201;CK-110-0261;CK-110-0280;CK-110-0314;CK-110-0335;CK-110-0376;CK-110-0381;CK-110-0388;CK-110-0464;CK-110-0488;CK-110-0502;CK-110-0594;CK-110-0613;CK-110-0674;CK-110-0709;CK-110-0741;CK-110-0754;CK-110-0819;CK-110-0886;CK-110-0988;CK-110-1027;CK-110-1044;CK-110-1112;CK-110-1180;CK-110-1251;CK-110-1256;CK-110-1291;CK-110-1324;CK-110-1328;CK-110-1362;CK-110-1401;CK-110-1402,v1.10.4,triaged,S3,gc,,none,none,none,none,0600,tests/adversarial/g69_gc_safety_matrix_test.go;tests/adversarial/g4_non_destructive_gc_adversarial_test.go;internal/maintenance/gc_parity_test.go;internal/maintenance/gc_step11_test.go;internal/maintenance/stats_test.go;internal/maintenance/stats_bench_test.go;internal/maintenance/gc_test.go;internal/gc/plan_test.go;internal/maintenance/gc_step11_parity_test.go,Test-only security scanner findings must be reviewed and suppressed only with rationale,Align GC/refcount reachability and add dry-run/live-plan regression tests.,recommended,none,"All source findings are fixed, accepted, deferred, suppressed, or duplicated with closure proof.",,,source_count=38; sources=codacy
CK-110-M064,Test complexity findings must be reviewed without weakening invariant coverage,Test complexity findings must be reviewed without weakening invariant coverage,Groups 4 raw finding(s) from codacy under one remediation invariant.,CK-110-0082;CK-110-0396;CK-110-0991;CK-110-1317,v1.10.5,triaged,S3,recovery,,none,none,none,medium,,internal/recovery/system_recovery_test.go;internal/recovery/system_recovery_additional_test.go,Test complexity findings must be reviewed without weakening invariant coverage,Harden restore/recovery validation and add unsafe-mode regression tests.,required: release-domain regression tests or documented rationale,none,Restore/recovery mode-specific inputs are rejected safely and do not fall through to unintended behavior.,,,source_count=4; sources=codacy
CK-110-M065,Test-only security scanner findings must be reviewed and suppressed only with rationale,Classify test-only scanner findings,Groups 2 raw finding(s) from codacy under one remediation invariant.,CK-110-0427;CK-110-0864,v1.10.5,triaged,S3,recovery,,none,none,none,medium,,internal/recovery/system_recovery_test.go,Test-only security scanner findings must be reviewed and suppressed only with rationale,Harden restore/recovery validation and add unsafe-mode regression tests.,required: release-domain regression tests or documented rationale,none,Restore/recovery mode-specific inputs are rejected safely and do not fall through to unintended behavior.,,,source_count=2; sources=codacy
CK-110-M066,Test complexity findings must be reviewed without weakening invariant coverage,Test complexity findings must be reviewed without weakening invariant coverage,Groups 57 raw finding(s) from codacy under one remediation invariant.,CK-110-0001;CK-110-0041;CK-110-0044;CK-110-0050;CK-110-0054;CK-110-0072;CK-110-0085;CK-110-0106;CK-110-0115;CK-110-0139;CK-110-0151;CK-110-0210;CK-110-0248;CK-110-0252;CK-110-0269;CK-110-0289;CK-110-0324;CK-110-0360;CK-110-0413;CK-110-0486;CK-110-0572;CK-110-0605;CK-110-0618;CK-110-0646;CK-110-0657;CK-110-0669;CK-110-0694;CK-110-0742;CK-110-0751;CK-110-0771;CK-110-0811;CK-110-0850;CK-110-0860;CK-110-0861;CK-110-0863;CK-110-0871;CK-110-0875;CK-110-0930;CK-110-0933;CK-110-0943;CK-110-0957;CK-110-1025;CK-110-1026;CK-110-1032;CK-110-1038;CK-110-1046;CK-110-1058;CK-110-1106;CK-110-1142;CK-110-1208;CK-110-1240;CK-110-1248;CK-110-1305;CK-110-1342;CK-110-1396;CK-110-1422;CK-110-1441,v1.10.5,triaged,S3,restore,,none,none,none,none,,internal/storage/restore_test.go;tests/adversarial/g1_deterministic_restore_adversarial_test.go;tests/adversarial/g5_atomic_restore_adversarial_test.go;tests/adversarial/g67_deterministic_restore_matrix_test.go;internal/storage/restore_step8_test.go,Test complexity findings must be reviewed without weakening invariant coverage,Harden restore/recovery validation and add unsafe-mode regression tests.,required: release-domain regression tests or documented rationale,none,Restore/recovery mode-specific inputs are rejected safely and do not fall through to unintended behavior.,,,source_count=57; sources=codacy
CK-110-M067,Test-only security scanner findings must be reviewed and suppressed only with rationale,Classify test-only scanner findings,Groups 46 raw finding(s) from codacy under one remediation invariant.,CK-110-0017;CK-110-0055;CK-110-0066;CK-110-0129;CK-110-0141;CK-110-0165;CK-110-0166;CK-110-0169;CK-110-0255;CK-110-0317;CK-110-0362;CK-110-0414;CK-110-0435;CK-110-0474;CK-110-0535;CK-110-0570;CK-110-0629;CK-110-0665;CK-110-0697;CK-110-0717;CK-110-0766;CK-110-0841;CK-110-0849;CK-110-0889;CK-110-0917;CK-110-0920;CK-110-0993;CK-110-1024;CK-110-1048;CK-110-1061;CK-110-1093;CK-110-1147;CK-110-1162;CK-110-1175;CK-110-1192;CK-110-1200;CK-110-1230;CK-110-1247;CK-110-1260;CK-110-1273;CK-110-1279;CK-110-1303;CK-110-1306;CK-110-1323;CK-110-1365;CK-110-1375,v1.10.5,triaged,S3,restore,,none,none,none,none,0600,tests/adversarial/g1_deterministic_restore_adversarial_test.go;internal/storage/restore_test.go;tests/adversarial/g1_step11_restore_determinism_test.go;tests/adversarial/g67_deterministic_restore_matrix_test.go;internal/storage/restore_step8_test.go;tests/adversarial/g5_atomic_restore_adversarial_test.go,Test-only security scanner findings must be reviewed and suppressed only with rationale,Harden restore/recovery validation and add unsafe-mode regression tests.,required: release-domain regression tests or documented rationale,none,Restore/recovery mode-specific inputs are rejected safely and do not fall through to unintended behavior.,,,source_count=46; sources=codacy
CK-110-M068,Test complexity findings must be reviewed without weakening invariant coverage,Test complexity findings must be reviewed without weakening invariant coverage,Groups 21 raw finding(s) from codacy under one remediation invariant.,CK-110-0024;CK-110-0048;CK-110-0199;CK-110-0275;CK-110-0528;CK-110-0664;CK-110-0671;CK-110-0686;CK-110-0790;CK-110-0798;CK-110-0809;CK-110-0821;CK-110-0923;CK-110-0955;CK-110-0972;CK-110-1031;CK-110-1160;CK-110-1186;CK-110-1239;CK-110-1242;CK-110-1426,v1.10.6,triaged,S3,benchmark,,none,none,none,none,,internal/benchmark/corpus_test.go;internal/chunk/benchmark/benchmark_test.go;internal/benchmark/corpus_registry_test.go;internal/benchmark/metrics_test.go;internal/chunk/benchmark/runner.go;internal/benchmark/corpus.go;internal/chunk/benchmark/datasets.go;internal/benchmark/dataset.go;internal/benchmark/runner_test.go;internal/benchmark/runner.go;internal/verify/verify_performance_benchmark_test.go;internal/benchmark/scenarios.go;internal/benchmark/dataset_test.go;internal/benchmark/metrics.go,Test complexity findings must be reviewed without weakening invariant coverage,Harden CI/tooling/benchmark validation and add script or release-gate checks.,required: release-domain regression tests or documented rationale,candidate,"Benchmark/script/CI inputs reject malformed, duplicate, mismatched, or non-finite data.",,,source_count=21; sources=codacy
CK-110-M069,Test-only security scanner findings must be reviewed and suppressed only with rationale,Classify test-only scanner findings,Groups 17 raw finding(s) from codacy under one remediation invariant.,CK-110-0022;CK-110-0224;CK-110-0232;CK-110-0364;CK-110-0580;CK-110-0756;CK-110-0763;CK-110-0929;CK-110-1056;CK-110-1141;CK-110-1152;CK-110-1202;CK-110-1225;CK-110-1226;CK-110-1315;CK-110-1332;CK-110-1355,v1.10.6,triaged,S3,benchmark,,none,none,none,none,0600;math/rand;crypto/rand,internal/benchmark/determinism_test.go;internal/benchmark/corpus_test.go;internal/benchmark/dataset_test.go;internal/verify/verify_performance_benchmark_test.go;internal/benchmark/corpus_registry_test.go,Test-only security scanner findings must be reviewed and suppressed only with rationale,Harden CI/tooling/benchmark validation and add script or release-gate checks.,required: release-domain regression tests or documented rationale,candidate,"Benchmark/script/CI inputs reject malformed, duplicate, mismatched, or non-finite data.",,,source_count=17; sources=codacy
CK-110-M070,Test complexity findings must be reviewed without weakening invariant coverage,Test complexity findings must be reviewed without weakening invariant coverage,Groups 165 raw finding(s) from codacy under one remediation invariant.,CK-110-0067;CK-110-0090;CK-110-0100;CK-110-0104;CK-110-0110;CK-110-0114;CK-110-0117;CK-110-0138;CK-110-0163;CK-110-0164;CK-110-0175;CK-110-0176;CK-110-0177;CK-110-0180;CK-110-0190;CK-110-0197;CK-110-0206;CK-110-0208;CK-110-0209;CK-110-0214;CK-110-0222;CK-110-0225;CK-110-0226;CK-110-0228;CK-110-0230;CK-110-0234;CK-110-0237;CK-110-0244;CK-110-0249;CK-110-0253;CK-110-0258;CK-110-0286;CK-110-0287;CK-110-0298;CK-110-0300;CK-110-0307;CK-110-0320;CK-110-0329;CK-110-0331;CK-110-0333;CK-110-0343;CK-110-0358;CK-110-0377;CK-110-0391;CK-110-0397;CK-110-0401;CK-110-0425;CK-110-0430;CK-110-0434;CK-110-0436;CK-110-0440;CK-110-0444;CK-110-0450;CK-110-0454;CK-110-0460;CK-110-0483;CK-110-0485;CK-110-0495;CK-110-0501;CK-110-0505;CK-110-0509;CK-110-0517;CK-110-0532;CK-110-0537;CK-110-0542;CK-110-0543;CK-110-0565;CK-110-0583;CK-110-0586;CK-110-0595;CK-110-0597;CK-110-0621;CK-110-0622;CK-110-0668;CK-110-0690;CK-110-0695;CK-110-0703;CK-110-0707;CK-110-0720;CK-110-0722;CK-110-0731;CK-110-0732;CK-110-0736;CK-110-0737;CK-110-0738;CK-110-0740;CK-110-0758;CK-110-0767;CK-110-0770;CK-110-0772;CK-110-0775;CK-110-0781;CK-110-0783;CK-110-0785;CK-110-0794;CK-110-0795;CK-110-0804;CK-110-0806;CK-110-0820;CK-110-0826;CK-110-0832;CK-110-0847;CK-110-0853;CK-110-0881;CK-110-0893;CK-110-0895;CK-110-0900;CK-110-0907;CK-110-0909;CK-110-0911;CK-110-0926;CK-110-0935;CK-110-0937;CK-110-0940;CK-110-0950;CK-110-0952;CK-110-0961;CK-110-0965;CK-110-0967;CK-110-1004;CK-110-1010;CK-110-1016;CK-110-1036;CK-110-1043;CK-110-1049;CK-110-1050;CK-110-1057;CK-110-1077;CK-110-1078;CK-110-1082;CK-110-1086;CK-110-1091;CK-110-1107;CK-110-1123;CK-110-1148;CK-110-1156;CK-110-1157;CK-110-1164;CK-110-1179;CK-110-1203;CK-110-1204;CK-110-1209;CK-110-1227;CK-110-1238;CK-110-1245;CK-110-1249;CK-110-1252;CK-110-1255;CK-110-1262;CK-110-1271;CK-110-1274;CK-110-1276;CK-110-1290;CK-110-1293;CK-110-1339;CK-110-1340;CK-110-1343;CK-110-1367;CK-110-1370;CK-110-1389;CK-110-1392;CK-110-1399;CK-110-1409;CK-110-1414;CK-110-1425,v1.10.6,triaged,S3,codacy,,none,none,none,none,,internal/repository/capabilities/derive_test.go;internal/graph/traversal_test.go;tests/adversarial/g8_system_invariants_lifecycle_adversarial_test.go;internal/graph/reachability_test.go;tests/integration/v18_migration_compatibility_integration_test.go;internal/observability/cross_consistency_test.go;internal/cli/render/stats_test.go;internal/observability/service_test.go;internal/observability/inspect_test.go;internal/listing/list_test.go;tests/utils/common.go;tests/integration/v19_stats_semantics_integration_test.go;tests/adversarial/g2_inconsistent_state_adversarial_test.go;internal/blocks/block_builder_test.go;tests/adversarial/g611_adversarial_compression_longrun_test.go;tests/adversarial/g9_batch_semantics_adversarial_test.go;internal/observability/stats_test.go;tests/adversarial/g7_deep_corruption_adversarial_test.go;tests/adversarial/g10_g13_physical_graph_adversarial_test.go;internal/cli/render/simulate_test.go;internal/batch/resolver_test.go;internal/listing/search_test.go;internal/retention/reachability_test.go;internal/graph/references_test.go;tests/adversarial/g68_dedup_semantics_matrix_test.go;internal/observability/equivalence_phase7_test.go;internal/repository/capabilities/model_test.go;internal/iodebug/counters_test.go;tests/adversarial/g3_no_data_loss_valid_sequences_adversarial_test.go;tests/adversarial/g6_concurrent_operations_adversarial_test.go;internal/batch/executor_test.go;internal/observability/simulate_store_test.go;internal/blocks/block_format_v1_test.go;internal/blocks/plain_test.go;tests/adversarial/g610_mixed_repository_stability_test.go,Test complexity findings must be reviewed without weakening invariant coverage,Harden CI/tooling/benchmark validation and add script or release-gate checks.,required: release-domain regression tests or documented rationale,none,"Benchmark/script/CI inputs reject malformed, duplicate, mismatched, or non-finite data.",,,source_count=165; sources=codacy
CK-110-M071,Test-only security scanner findings must be reviewed and suppressed only with rationale,Classify test-only scanner findings,Groups 4 raw finding(s) from codacy under one remediation invariant.,CK-110-0019;CK-110-0467;CK-110-0587;CK-110-1013,v1.10.6,triaged,S3,codacy,,none,none,none,none,math/rand;crypto/rand,tests/adversarial/g611_adversarial_compression_longrun_test.go;internal/graph/reachability_test.go;tests/adversarial/g3_no_data_loss_valid_sequences_adversarial_test.go;tests/adversarial/g8_system_invariants_lifecycle_adversarial_test.go,Test-only security scanner findings must be reviewed and suppressed only with rationale,Harden CI/tooling/benchmark validation and add script or release-gate checks.,required: release-domain regression tests or documented rationale,none,"Benchmark/script/CI inputs reject malformed, duplicate, mismatched, or non-finite data.",,,source_count=4; sources=codacy
CK-110-M072,Documentation style findings must be classified without blocking correctness releases,Classify documentation style findings,Groups 118 raw finding(s) from codacy under one remediation invariant.,CK-110-0010;CK-110-0015;CK-110-0026;CK-110-0043;CK-110-0053;CK-110-0060;CK-110-0065;CK-110-0088;CK-110-0093;CK-110-0108;CK-110-0120;CK-110-0125;CK-110-0188;CK-110-0202;CK-110-0221;CK-110-0227;CK-110-0239;CK-110-0246;CK-110-0264;CK-110-0319;CK-110-0325;CK-110-0359;CK-110-0361;CK-110-0372;CK-110-0374;CK-110-0384;CK-110-0408;CK-110-0416;CK-110-0420;CK-110-0453;CK-110-0468;CK-110-0471;CK-110-0475;CK-110-0477;CK-110-0480;CK-110-0482;CK-110-0526;CK-110-0531;CK-110-0540;CK-110-0563;CK-110-0567;CK-110-0569;CK-110-0573;CK-110-0603;CK-110-0640;CK-110-0641;CK-110-0679;CK-110-0682;CK-110-0691;CK-110-0719;CK-110-0723;CK-110-0745;CK-110-0774;CK-110-0778;CK-110-0799;CK-110-0808;CK-110-0810;CK-110-0823;CK-110-0843;CK-110-0852;CK-110-0859;CK-110-0865;CK-110-0873;CK-110-0877;CK-110-0878;CK-110-0880;CK-110-0891;CK-110-0892;CK-110-0899;CK-110-0903;CK-110-0919;CK-110-0921;CK-110-0924;CK-110-0928;CK-110-0958;CK-110-0959;CK-110-0974;CK-110-0989;CK-110-1008;CK-110-1051;CK-110-1066;CK-110-1072;CK-110-1074;CK-110-1079;CK-110-1080;CK-110-1095;CK-110-1109;CK-110-1126;CK-110-1133;CK-110-1149;CK-110-1155;CK-110-1159;CK-110-1161;CK-110-1166;CK-110-1168;CK-110-1174;CK-110-1176;CK-110-1184;CK-110-1197;CK-110-1219;CK-110-1272;CK-110-1295;CK-110-1301;CK-110-1319;CK-110-1321;CK-110-1322;CK-110-1333;CK-110-1334;CK-110-1357;CK-110-1376;CK-110-1381;CK-110-1383;CK-110-1387;CK-110-1390;CK-110-1400;CK-110-1431;CK-110-1438;CK-110-1439,backlog,triaged,S4,docs,,none,none,none,none,,docs/benchmarking.md;docs/STEP64_METRICS_VALIDATION.md;docs/BENCHMARK_METRICS.md;docs/internal/storage_contract_v1_9.md;docs/BENCHMARK_CORPORA.md;docs/STORAGE_SEMANTICS_v1.9_ENGINE_QUICK_REFERENCE.md,Documentation style findings must be classified without blocking correctness releases,Track as non-blocking cleanup or policy decision.,none unless policy changes,none,"All source findings are fixed, accepted, deferred, suppressed, or duplicated with closure proof.",,,source_count=118; sources=codacy
CK-110-M073,Low-risk cleanup findings must be tracked without disrupting stabilization scope,Low-risk cleanup findings must be tracked without disrupting stabilization scope,Groups 2 raw finding(s) from external-audit under one remediation invariant.,CK-110-1487;CK-110-1690,backlog,triaged,S4,tooling,,none,none,low,none,snapshot list,,Low-risk cleanup findings must be tracked without disrupting stabilization scope,Track as non-blocking cleanup or policy decision.,recommended,candidate,"All source findings are fixed, accepted, deferred, suppressed, or duplicated with closure proof.",,,source_count=2; sources=external-audit
CK-110-M074,Documentation style findings must be classified without blocking correctness releases,Classify documentation style findings,Groups 1 raw finding(s) from codacy under one remediation invariant.,CK-110-0616,v1.10.2,triaged,S4,filesystem,,none,none,none,none,,SECURITY.md,Documentation style findings must be classified without blocking correctness releases,Centralize validation/security hardening and add invalid-input regression tests.,required: release-domain regression tests or documented rationale,none,Invalid validation/security cases are rejected before unsafe/stateful work where practical.,,,source_count=1; sources=codacy
CK-110-M075,Codacy finding must be classified before enforcement,Codacy finding must be classified before enforcement,Groups 4 raw finding(s) from codacy under one remediation invariant.,CK-110-0271;CK-110-0279;CK-110-0693;CK-110-1403,v1.10.4,triaged,S4,gc,,medium,none,medium,none,,.golangci.yml,Codacy finding must be classified before enforcement,Align GC/refcount reachability and add dry-run/live-plan regression tests.,recommended,none,"All source findings are fixed, accepted, deferred, suppressed, or duplicated with closure proof.",,,source_count=4; sources=codacy
CK-110-M076,Documentation style findings must be classified without blocking correctness releases,Classify documentation style findings,Groups 8 raw finding(s) from codacy under one remediation invariant.,CK-110-0186;CK-110-0194;CK-110-0459;CK-110-0637;CK-110-0934;CK-110-0960;CK-110-1139;CK-110-1350,v1.10.6,triaged,S4,codacy,,none,none,none,none,,SECURITY.md,Documentation style findings must be classified without blocking correctness releases,Harden CI/tooling/benchmark validation and add script or release-gate checks.,required: release-domain regression tests or documented rationale,none,"Benchmark/script/CI inputs reject malformed, duplicate, mismatched, or non-finite data.",,,source_count=8; sources=codacy
CK-110-M077,"Benchmark and comparison flows must detect malformed, mismatched, or unsafe inputs",Review benchmark backlog correctness gaps,Manual split from CK-110-M053: groups 47 external backlog finding(s) by behavioral topic.,CK-110-1459;CK-110-1506;CK-110-1536;CK-110-1556;CK-110-1562;CK-110-1563;CK-110-1574;CK-110-1584;CK-110-1585;CK-110-1586;CK-110-1590;CK-110-1626;CK-110-1631;CK-110-1633;CK-110-1635;CK-110-1640;CK-110-1648;CK-110-1649;CK-110-1654;CK-110-1655;CK-110-1667;CK-110-1685;CK-110-1687;CK-110-1688;CK-110-1689;CK-110-1694;CK-110-1695;CK-110-1711;CK-110-1743;CK-110-1793;CK-110-1795;CK-110-1802;CK-110-1809;CK-110-1826;CK-110-1827;CK-110-1866;CK-110-1867;CK-110-1888;CK-110-1928;CK-110-1935;CK-110-1936;CK-110-1950;CK-110-1959;CK-110-1973;CK-110-1974;CK-110-1983;CK-110-1984,backlog,triaged,S3,benchmark,,none,none,low,none,scripts/compare_phase8_dedup_results.py;benchmark run --workers 0;benchmark;outputSupportedCommands;benchmark --output json;benchmark run --compare;benchmark run;--compare;--threshold;benchmark chunkers;benchmark chunkers --output json;--output;run_phase8_matrix.sh;scripts/run_phase8_gc_sequence.sh;--remove-ratio;.go;%s;validate_regression_thresholds.py;compare_phase8_gc_results.py;benchmark run --corpus;benchmark run --workers N;run_phase8_blocksize_matrix.sh;block_decode_count;compare_phase8_dedup_results.py --max-delta-ratio;benchmark run --workers +3;benchmark run --repeat +2;--repeat +2;Measure();fn,,"Benchmark and comparison flows must detect malformed, mismatched, or unsafe inputs",Track as non-blocking cleanup or policy decision.,recommended,required: CI or release-gate check candidate,"All source findings are fixed, accepted, deferred, suppressed, or duplicated with closure proof.",,,manual_split_from=CK-110-M053; source_count=47; sources=external-audit; bucket=benchmark-tooling
CK-110-M078,CLI commands must reject unsupported combinations and preserve explicit argument contracts,Review CLI contract backlog behavior gaps,Manual split from CK-110-M053: groups 33 external backlog finding(s) by behavioral topic.,CK-110-1469;CK-110-1510;CK-110-1518;CK-110-1532;CK-110-1533;CK-110-1538;CK-110-1539;CK-110-1548;CK-110-1550;CK-110-1564;CK-110-1568;CK-110-1575;CK-110-1582;CK-110-1583;CK-110-1597;CK-110-1599;CK-110-1604;CK-110-1609;CK-110-1610;CK-110-1616;CK-110-1617;CK-110-1630;CK-110-1665;CK-110-1672;CK-110-1680;CK-110-1704;CK-110-1708;CK-110-1805;CK-110-1870;CK-110-1882;CK-110-1890;CK-110-1924,backlog,triaged,S3,cli,,none,none,low,none,"search --extension .TXT;search;simulate --help --bad-flag;simulate store --codec plain --output json;list --sort foo;search --sort foo;config set compression-level 0;[1,9];none;search --extension txt;coldkeep search report;search --min-size 100 --max-size 10;init --output json;config get compression extra;config set compression zstd;config bad <valid-key>;config set compression ZSTD;config get compression-level;config;coldkeep init;init --compression-level;init --compression-level ""3 "";+3;search --extension ""."";config get;config set;simulate store-folder --codec plain --output json;list/search --limit +10;--offset +10;stats/inspect/simulate --help --trace --trace-json;list",,CLI commands must reject unsupported combinations and preserve explicit argument contracts,Track as non-blocking cleanup or policy decision.,recommended,candidate,"All source findings are fixed, accepted, deferred, suppressed, or duplicated with closure proof.",,,manual_split_from=CK-110-M053; source_count=33; sources=external-audit; bucket=cli-contract
CK-110-M079,Removal and maintenance flows must preserve safety invariants under malformed inputs,Review removal and maintenance backlog behavior gaps,Manual split from CK-110-M053: groups 11 external backlog finding(s) by behavioral topic.,CK-110-1504;CK-110-1505;CK-110-1543;CK-110-1561;CK-110-1746;CK-110-1779;CK-110-1780;CK-110-1862;CK-110-1864;CK-110-1969;CK-110-1979,backlog,triaged,S3,gc,,none,none,low,none,repair ref-counts --input file;--input;repair ref-counts --fail-fast;--fail-fast;remove --limit;remove --dryRun;--failFast;repair ref-counts;simulate gc --help --trace --trace-json,,Removal and maintenance flows must preserve safety invariants under malformed inputs,Track as non-blocking cleanup or policy decision.,recommended,candidate,"All source findings are fixed, accepted, deferred, suppressed, or duplicated with closure proof.",,,manual_split_from=CK-110-M053; source_count=11; sources=external-audit; bucket=maintenance-removal
CK-110-M080,Unclassified backlog findings must be assigned to concrete remediation invariants before closure,Review unclassified external backlog behavior gaps,Manual split from CK-110-M053: groups 92 external backlog finding(s) by behavioral topic.,CK-110-1530;CK-110-1531;CK-110-1545;CK-110-1565;CK-110-1569;CK-110-1589;CK-110-1596;CK-110-1598;CK-110-1601;CK-110-1602;CK-110-1603;CK-110-1605;CK-110-1607;CK-110-1608;CK-110-1618;CK-110-1623;CK-110-1625;CK-110-1627;CK-110-1628;CK-110-1638;CK-110-1639;CK-110-1643;CK-110-1644;CK-110-1646;CK-110-1647;CK-110-1650;CK-110-1651;CK-110-1652;CK-110-1656;CK-110-1660;CK-110-1661;CK-110-1662;CK-110-1673;CK-110-1677;CK-110-1699;CK-110-1709;CK-110-1717;CK-110-1718;CK-110-1723;CK-110-1729;CK-110-1731;CK-110-1733;CK-110-1742;CK-110-1778;CK-110-1787;CK-110-1794;CK-110-1801;CK-110-1816;CK-110-1817;CK-110-1850;CK-110-1851;CK-110-1852;CK-110-1854;CK-110-1855;CK-110-1857;CK-110-1858;CK-110-1863;CK-110-1865;CK-110-1868;CK-110-1869;CK-110-1872;CK-110-1876;CK-110-1877;CK-110-1878;CK-110-1879;CK-110-1881;CK-110-1883;CK-110-1886;CK-110-1887;CK-110-1889;CK-110-1905;CK-110-1906;CK-110-1912;CK-110-1913;CK-110-1914;CK-110-1915;CK-110-1916;CK-110-1937;CK-110-1938;CK-110-1951;CK-110-1960;CK-110-1961;CK-110-1962;CK-110-1963;CK-110-1970;CK-110-1972;CK-110-1980;CK-110-1982;CK-110-1987;CK-110-1989,backlog,triaged,S3,tooling,,none,none,low,none,--output;store --codec plain;store-folder --codec plain --output json;doctor;help --output json;options='...';COLDKEEP_KEY;help --bad-flag;generateJSON;coldkeep version --bad-flag;ParseCodec;jq;README.md;sh -lc;tar;utils_env.GetenvOrDefaultInt64;jpeg_sim;psql;CGO_ENABLED=0;mattn/go-sqlite3;go test ./...;time.Duration;store-folder;int;--;CheckPhysicalFileGraphIntegrity();COMPLETED;ValidateCorpus();COLDKEEP_STRICT_RECOVERY;false;stats --help --trace --trace-json;doctor --output json;--fail-fast;COLDKEEP_COMPRESSION_LEVEL;zstd;COLDKEEP_STORE_FOLDER_WORKERS=+3;execution.FromEnv();NewLocalWriter();none;noneCompressor.Decompress();TransformPipeline;original_name;updatePhysicalFile();RunRegistry(),,Unclassified backlog findings must be assigned to concrete remediation invariants before closure,Track as non-blocking cleanup or policy decision.,recommended,candidate,"All source findings are fixed, accepted, deferred, suppressed, or duplicated with closure proof.",,,manual_split_from=CK-110-M053; source_count=92; sources=external-audit; bucket=misc-backlog
CK-110-M081,Packed-storage and chunk-graph operations must preserve reachability and parity invariants,Review packed-storage parity and reachability gaps,Manual split from CK-110-M053: groups 77 external backlog finding(s) by behavioral topic.,CK-110-1571;CK-110-1577;CK-110-1580;CK-110-1587;CK-110-1588;CK-110-1606;CK-110-1621;CK-110-1697;CK-110-1707;CK-110-1721;CK-110-1722;CK-110-1728;CK-110-1732;CK-110-1752;CK-110-1754;CK-110-1755;CK-110-1756;CK-110-1757;CK-110-1758;CK-110-1759;CK-110-1763;CK-110-1765;CK-110-1768;CK-110-1769;CK-110-1770;CK-110-1773;CK-110-1774;CK-110-1785;CK-110-1786;CK-110-1789;CK-110-1796;CK-110-1797;CK-110-1798;CK-110-1821;CK-110-1823;CK-110-1833;CK-110-1834;CK-110-1835;CK-110-1837;CK-110-1838;CK-110-1840;CK-110-1841;CK-110-1845;CK-110-1846;CK-110-1847;CK-110-1849;CK-110-1859;CK-110-1871;CK-110-1873;CK-110-1874;CK-110-1884;CK-110-1891;CK-110-1892;CK-110-1893;CK-110-1894;CK-110-1895;CK-110-1901;CK-110-1902;CK-110-1907;CK-110-1908;CK-110-1944;CK-110-1945;CK-110-1946;CK-110-1947;CK-110-1948;CK-110-1949;CK-110-1952;CK-110-1954;CK-110-1957;CK-110-1958;CK-110-1967;CK-110-1968;CK-110-1971;CK-110-1978;CK-110-1981;CK-110-1985;CK-110-1986,backlog,triaged,S3,packed-storage,,none,none,low,none,$2;O_TRUNC;O_EXCL;max_size;SimulatedWriter.SealContainer();sealing=TRUE;StorageBlockReader;stats;storage_blocks;simulate store;simulate store-folder;blocks.Repository.GetByChunkID();blocks.Repository.GetByChunkHash();replace;chunk_block_refs;COMPLETED;repair chunk-ref-counts;storage_blocks.codec;linkFileChunkWithContext();live_ref_count;FileContainer.SetSize();storage_blocks.logical_size;graph.getFileChunks();chunk_id;StoreService.ResolveActiveChunker();chunk.NewRegistry();ChunkID == 0;EncodePackedBlockV1FromChunks();NewStorageChunkResolver(nil);FileContainer.ReadAt();rows.Err();file_chunk;cleanupLogicalFileChunkMappingsWithContext();RemoveFileWithDBResult();UpdateContainerSize();SealContainerInDir(),,Packed-storage and chunk-graph operations must preserve reachability and parity invariants,Track as non-blocking cleanup or policy decision.,recommended,candidate,"All source findings are fixed, accepted, deferred, suppressed, or duplicated with closure proof.",,,manual_split_from=CK-110-M053; source_count=77; sources=external-audit; bucket=packed-storage
CK-110-M082,Restore and recovery flows must not silently accept ambiguous or unsafe inputs,Review restore and recovery backlog behavior gaps,Manual split from CK-110-M053: groups 25 external backlog finding(s) by behavioral topic.,CK-110-1581;CK-110-1611;CK-110-1614;CK-110-1615;CK-110-1658;CK-110-1696;CK-110-1719;CK-110-1720;CK-110-1724;CK-110-1730;CK-110-1734;CK-110-1747;CK-110-1748;CK-110-1750;CK-110-1751;CK-110-1761;CK-110-1762;CK-110-1788;CK-110-1811;CK-110-1830;CK-110-1843;CK-110-1848;CK-110-1934,backlog,triaged,S3,restore,,none,none,low,none,restore;--mode;--stored-path;--destination;RestoreDestinationOriginal;..;restore --overwrite;ContainerID = 0;RestoreFileWithDBResult();RestoreFileWithStorageContextResult();remove-by-stored-path;live_ref_count;--strict;scripts/smoke.sh,,Restore and recovery flows must not silently accept ambiguous or unsafe inputs,Track as non-blocking cleanup or policy decision.,recommended,candidate,"All source findings are fixed, accepted, deferred, suppressed, or duplicated with closure proof.",,,manual_split_from=CK-110-M053; source_count=25; sources=external-audit; bucket=restore-recovery
CK-110-M083,Operational scripts must fail loudly on malformed inputs and preserve release-signal integrity,Review script and tooling backlog behavior gaps,Manual split from CK-110-M053: groups 20 external backlog finding(s) by behavioral topic.,CK-110-1594;CK-110-1595;CK-110-1612;CK-110-1613;CK-110-1622;CK-110-1624;CK-110-1632;CK-110-1637;CK-110-1641;CK-110-1642;CK-110-1684;CK-110-1736;CK-110-1737;CK-110-1738;CK-110-1741;CK-110-1806;CK-110-1812;CK-110-1813;CK-110-1814;CK-110-1815,backlog,triaged,S3,tooling,,none,none,low,none,check_smart_quotes.sh;grep -P;clean_test_storage.sh;run_v19_baseline_pair.sh;scripts/;db/;scripts/smoke.sh;mktemp -d;Dockerfile;validate_regression_thresholds.py;run_v19_baseline_pair.sh --manifest <short-path>;validate_regression_thresholds.py validate;scripts/validate_validation_matrix.sh;check_versioned_row_writers.sh;internal;cmd,,Operational scripts must fail loudly on malformed inputs and preserve release-signal integrity,Track as non-blocking cleanup or policy decision.,recommended,required: CI or release-gate check candidate,"All source findings are fixed, accepted, deferred, suppressed, or duplicated with closure proof.",,,manual_split_from=CK-110-M053; source_count=20; sources=external-audit; bucket=script-tooling
CK-110-M084,"Snapshot operations must enforce consistent path, collision, and lifecycle invariants",Review snapshot behavior parity gaps,Manual split from CK-110-M053: groups 51 external backlog finding(s) by behavioral topic.,CK-110-1460;CK-110-1461;CK-110-1498;CK-110-1499;CK-110-1512;CK-110-1527;CK-110-1528;CK-110-1535;CK-110-1546;CK-110-1547;CK-110-1555;CK-110-1560;CK-110-1573;CK-110-1593;CK-110-1619;CK-110-1620;CK-110-1634;CK-110-1645;CK-110-1653;CK-110-1657;CK-110-1679;CK-110-1691;CK-110-1692;CK-110-1693;CK-110-1700;CK-110-1725;CK-110-1726;CK-110-1727;CK-110-1776;CK-110-1777;CK-110-1782;CK-110-1790;CK-110-1824;CK-110-1825;CK-110-1828;CK-110-1897;CK-110-1898;CK-110-1899;CK-110-1917;CK-110-1922;CK-110-1926;CK-110-1927;CK-110-1931;CK-110-1932;CK-110-1939;CK-110-1940;CK-110-1942;CK-110-1943;CK-110-1966;CK-110-1977;CK-110-1991,backlog,triaged,S3,snapshot,,none,none,low,none,"snapshot create --tag "" a "";snapshot list --tag ""a "";""a"";snapshot create --from self;snapshot delete;snapshot create --from <missing>;snapshot;snapshot create --id;snapshot restore --workers 0;inspect file --id <snapshot-id>;snapshot list --path ../x;snapshot delete --force --dry-run;snapshot delete --dryRun;snapshot restore --mode override;NormalizeSnapshotPath(""."");..;snapshot list --tree --limit N;--mode override;snapshot restore --path <file> --mode override;ResolveSnapshotPaths();IN (...);LoadSnapshotPathsByID();SnapshotQuery.Match();snapshot_path;snapshot delete --force;snapshot_file.snapshot_id;NULL;snapshot_file",,"Snapshot operations must enforce consistent path, collision, and lifecycle invariants",Track as non-blocking cleanup or policy decision.,recommended,candidate,"All source findings are fixed, accepted, deferred, suppressed, or duplicated with closure proof.",,,manual_split_from=CK-110-M053; source_count=51; sources=external-audit; bucket=snapshot-behavior
CK-110-M085,Verify and inspect commands must reject invalid inputs and preserve reporting invariants,Review verify and inspect behavior gaps,Manual split from CK-110-M053: groups 32 external backlog finding(s) by behavioral topic.,CK-110-1522;CK-110-1524;CK-110-1529;CK-110-1542;CK-110-1544;CK-110-1552;CK-110-1553;CK-110-1668;CK-110-1703;CK-110-1744;CK-110-1745;CK-110-1753;CK-110-1766;CK-110-1767;CK-110-1771;CK-110-1772;CK-110-1775;CK-110-1818;CK-110-1819;CK-110-1820;CK-110-1822;CK-110-1829;CK-110-1831;CK-110-1839;CK-110-1844;CK-110-1856;CK-110-1875;CK-110-1896;CK-110-1919;CK-110-1920;CK-110-1921;CK-110-1933,backlog,triaged,S3,verify,,none,none,low,none,"verify system fast;verify file 0;verify file -1;verify file 123 extra;extra;search --limit -1;inspect --limit -1;verify --workers 0;inspect repository;inspect --limit "" 10 "";inspect repository --limit;inspect chunk;inspect container;verify system;verifyStorageBlocks();compressed_hash;physical_hash;verify --fast;verify file --deep;verify file --output json;COLDKEEP_VERIFY_STRICT_SEGMENTS;VerifySystemDeep;inspect --help --trace --trace-json;logical_file.total_size;storage_blocks;chunk.size;blocks.plaintext_size",,Verify and inspect commands must reject invalid inputs and preserve reporting invariants,Track as non-blocking cleanup or policy decision.,recommended,candidate,"All source findings are fixed, accepted, deferred, suppressed, or duplicated with closure proof.",,,manual_split_from=CK-110-M053; source_count=32; sources=external-audit; bucket=verify-inspect
CK-110-M086,Value flags must reject another flag token as their value,Reject flag-token values for value flags,Manual family row for 2 raw finding(s).,CK-110-1508;CK-110-1509,v1.10.1,triaged,S2,cli,,none,none,medium,none,--output,,Value flags must reject another flag token as their value,Centralize CLI/JSON contract validation and add command-level regression tests.,required: release-domain regression tests or documented rationale,candidate,CLI value flags reject another flag token as value and fail before ambiguous command execution.,,,manual_family=CLI-002; step=7.8
CK-110-M087,Restore mode-specific flags must be rejected outside their valid mode,Reject restore mode-specific flags outside valid mode,Manual family row for 2 raw finding(s).,CK-110-1500;CK-110-1501,v1.10.5,triaged,S2,restore,,medium,none,medium,medium,restore;--mode;--stored-path;--destination,,Restore mode-specific flags must be rejected outside their valid mode,Harden restore/recovery validation and add unsafe-mode regression tests.,required: release-domain regression tests or documented rationale,candidate,Restore mode-specific flags fail safely outside stored-path mode and do not silently fall through.,,,manual_family=REST-001; step=7.8
CK-110-M088,Release scripts must emit standards-compliant JSON,Harden script JSON emission contract,Manual family row for 4 raw finding(s).,CK-110-1457;CK-110-1490;CK-110-1523;CK-110-1808,v1.10.6,triaged,S2,tooling,,none,none,medium,none,summarize_phase8_blocksize.py;Infinity;NaN;scripts/summarize_phase8_blocksize.py --json-output;simulate store --codec plain --output json;validate_regression_thresholds.py --json-report,,Release scripts must emit standards-compliant JSON,Harden CI/tooling/benchmark validation and add script or release-gate checks.,required: release-domain regression tests or documented rationale,required: CI or release-gate check candidate,Release scripts emit RFC-compliant JSON without NaN/Infinity or mixed machine/human output streams.,,,manual_family=SCRIPT-001; step=7.8
