id,area,source,status,severity,summary,evidence,action_required
FCI-11011-001,phase5-required-gates,validation-results,stable,none,"All 18 required Phase 5 validation gates passed","docs/release/v1.10/v1.10.11-validation-results.csv","No action"
FCI-11011-002,recovery-coverage,critical-coverage-report,accepted_observation,low,"Recovery coverage measured 43.5% versus 44.9% v1.10.7 baseline but remained within soft-gate report-only tolerance","docs/release/v1.10/v1.10.11-validation-results.md","Monitor in future coverage-gate phase; not a release blocker"
FCI-11011-003,remote-pr-ci,GitHub Actions,ci_only_pending,none,"No PR CI runs exist yet for v1.10.11 on feature/v1.10.11-stabilization-regression-burndown; gh run list returned empty","Phase 9 PR CI","Collect PR CI evidence in Phase 9"
FCI-11011-004,cross-platform-ci,GitHub Actions,ci_only_pending,none,"Cross-platform OS matrix (ubuntu-latest macos-latest windows-latest) evidence is pending until a PR is opened against main","Phase 9 PR CI","Collect ubuntu-latest macos-latest windows-latest results in Phase 9"
FCI-11011-005,local-repeatability,phase6-repeat-checks,stable,none,"Targeted Phase 6 repeatability checks all passed at -count=2 with no intermittent failures: storage restore/crossplatform/fault/storedpath; maintenance/gc GC/Reachability/Retain/Delete/DryRun; recovery; pathsafe; maintenance/gc and recovery with -race","Phase 6 command output 2026-05-28T12:53:04Z","No action"
FCI-11011-006,integration-long-run-env,phase5-observation,accepted_observation,low,"Local Phase 5 integration-long-run tests ran without COLDKEEP_LONG_RUN=1; CI integration-long-run job requires this env var; local tests therefore ran the short code path","docs/release/v1.10/v1.10.11-phase5-longrun-adversarial-integration-validation.md","CI coverage via COLDKEEP_LONG_RUN=1 path is collected in Phase 9 PR CI; not a release blocker"
FCI-11011-007,adversarial-postgres-env,phase5-observation,accepted_observation,low,"Local Phase 5 adversarial and integration tests ran without PostgreSQL (COLDKEEP_TEST_DB=1) and without COLDKEEP_LONG_RUN=1; CI adversarial job requires both; local adversarial completed in ~1s versus up to 60-min CI timeout indicating the short path was used","docs/release/v1.10/v1.10.11-phase5-longrun-adversarial-integration-validation.md","Full PostgreSQL+long-run adversarial coverage is collected in Phase 9 PR CI; not a release blocker"
FCI-11011-008,ci-timeout-risk,ci.yml,stable,none,"60-minute timeouts for integration-long-run and adversarial CI jobs are appropriate for their workload; no new timeout risk introduced by v1.10.11 which is docs-only; fail-fast=false on all matrices prevents premature cancellation","docs/release/v1.10/v1.10.11-flaky-ci-stability-audit.md","No action"
FCI-11011-009,postgres-integration-correctness-matrix,GitHub Actions,ci_only_pending,none,"correctness-matrix CI job runs full integration tests with PostgreSQL in both plain and aes-gcm codecs; this coverage path is not exercised locally; pending Phase 9 PR CI","Phase 9 PR CI","Collect correctness-matrix job results in Phase 9"
